participant_id,gaming_hours_weekly,wellbeing_score,life_satisfaction,age,gaming_preference
W0001,6.518013801915587,5.0,3.1031711808456626,20,Casual
W0002,27.700490685053982,5.0,4.24155100579352,18,Casual
W0003,26.371872855602895,3.642906486487622,4.797135933156929,37,RPG
W0004,3.5842848891687797,3.904326717111573,5.463386971239784,22,Casual
W0005,3.9444101498931428,2.4056792482409852,4.5187391563733685,39,Casual
W0006,3.318293615014452,5.0,3.9117574906483106,22,Casual
W0007,40.49378817925286,5.0,3.6431907302212942,37,RPG
W0008,11.720173448343383,3.925013891371627,4.634516279756465,32,Strategy
W0009,10.626750588428427,1.9834856491609671,4.064259511465488,13,Casual
W0010,16.26198451651174,4.065638300821759,3.9486343382646423,31,Sports
W0011,5.615987349254254,3.842376881121617,4.775586433754146,28,Strategy
W0012,9.716009356744904,4.204404047331032,3.67415943527342,20,Action
W0013,4.814410417552859,3.985683869419237,3.980637400414489,35,Sports
W0014,16.840928510305268,2.758841693771167,5.846265003532158,36,RPG
W0015,5.662381778400913,3.1745179560300594,5.034833688419553,31,Sports
W0016,14.1908762691072,3.039229885304942,5.054159188202767,26,Strategy
W0017,23.16001219526759,2.660414538510656,6.141369864966579,43,Strategy
W0018,10.15527703297893,3.4299663535653835,4.699763274855032,31,Strategy
W0019,19.647800444415346,4.504927527308786,2.9846614430496636,37,Action
W0020,4.726242615273402,2.220823202482719,3.758845774030862,31,Strategy
W0021,4.790560736640095,3.731186329129666,3.9832514864189337,43,Sports
W0022,12.857281116490698,4.091184107142422,3.2275059118528295,28,Strategy
W0023,9.496816231524862,3.2346506140032414,4.981938439394756,31,Action
W0024,4.103952770405144,3.084400939602606,4.49935679580406,49,Sports
W0025,7.860995788932488,5.0,4.794829407139904,32,Casual
W0026,25.565235943939886,4.186566669657982,5.276390926440274,36,Action
W0027,6.725712563339391,2.7230666651800832,3.9851657444573396,29,Action
W0028,11.219203949139622,3.9249600512854204,4.6211772563144,18,Action
W0029,8.383037270747186,4.232154547334584,4.448709296669209,13,Strategy
W0030,12.618921406494973,3.5707375990533468,4.016837034120085,43,RPG
W0031,14.076456532932754,4.755842805303765,3.619140753538823,29,Casual
W0032,16.67368732373729,4.3467766323864945,5.251248372730318,40,Strategy
W0033,15.867720822945287,4.220042549583503,4.128068184850759,24,Action
W0034,19.641716011096502,2.8509352144746485,4.188155417717174,41,RPG
W0035,14.855088329909833,5.0,3.9547120188110405,19,Casual
W0036,12.641031837162988,3.286329270118753,6.867850870295161,22,Strategy
W0037,7.691543474276932,3.087276256779205,3.3584571677496022,31,Strategy
W0038,1.2819954755988212,5.0,4.876807678190216,33,Casual
W0039,8.359416690178557,3.809439100259961,3.4505298649183387,34,RPG
W0040,6.316849400156365,2.0600229393508824,4.250650286457166,30,RPG
W0041,6.7379716792449615,4.6481220363548985,3.558742498632405,26,Action
W0042,3.266846433224353,2.7008630390829955,5.485688354471454,33,Action
W0043,18.644771916368043,2.759242563597013,2.5670454546977215,19,RPG
W0044,2.989878642787618,3.8752737778368513,4.236204272953653,28,Sports
W0045,14.775312136681908,3.884388525734105,5.601911134247277,28,Casual
W0046,9.34897128252016,4.362621696364628,5.394523424143255,42,RPG
W0047,14.916604999488467,2.9544797076635905,3.6313576642588856,28,RPG
W0048,20.27126470116875,3.2679630341269674,4.161020502065524,20,Action
W0049,44.971795690394245,3.9194319475872295,3.829569570026521,31,Casual
W0050,28.79609061589414,4.624291419672965,2.5543158801127364,40,Sports
W0051,23.127410611955348,3.6526650834458763,4.375629791198238,22,RPG
W0052,30.31783929604769,5.0,4.0926238895945115,30,Sports
W0053,11.406419412876176,3.2027830742749956,2.3000743271867825,19,Strategy
W0054,11.74268700414064,4.583862670532949,4.343063180460627,17,Strategy
W0055,7.876000553607942,4.1076644106389715,2.8661291741100188,21,RPG
W0056,13.60536111797293,4.136386035105391,2.7934835079110965,41,Sports
W0057,24.02478197169352,4.691899144522204,4.105399772750244,21,RPG
W0058,10.875140187043108,5.0,5.504358587559748,13,Casual
W0059,11.016946532011701,4.565178288172504,4.375708932042667,19,Casual
W0060,7.050008598704871,3.0907170389559333,3.7693504248379583,17,Casual
W0061,33.65892852366939,2.752533100468594,3.7270935141324415,30,Strategy
W0062,11.1677380551069,1.6899814560405524,5.536099932487709,44,Sports
W0063,16.329708708547763,3.906353177989756,2.5333229109224202,23,Sports
W0064,9.593312343433736,2.4432046983961326,2.699903018561108,19,RPG
W0065,15.244904048183805,2.7407577324748704,2.1623103055475816,30,Action
W0066,3.085254695240024,5.0,3.819770582684522,30,Casual
W0067,12.098087393397874,3.1581831856780864,5.150428210588526,41,Strategy
W0068,7.156666166734036,2.053433374898569,1.7387509120208402,26,RPG
W0069,27.542372937037083,4.352508867887079,2.6853747136089687,44,RPG
W0070,18.97431834505175,4.127527889026798,2.587537305867354,28,Casual
W0071,9.060105113979333,3.5514051798952226,3.2756530928084246,20,Strategy
W0072,6.640874130398312,2.817161091574134,4.008784466305072,19,Strategy
W0073,5.69553749712177,3.243938652420423,4.448631354650699,18,RPG
W0074,16.332881897552628,3.165500531711028,4.172602048852675,30,Action
W0075,6.7872452413292645,3.671775279424859,3.0249268407679812,13,Sports
W0076,36.27873310807368,3.3050898900387176,4.434192198424091,38,Sports
W0077,5.279303501655465,3.3171603412197808,5.338623211252729,43,Strategy
W0078,6.939251462293458,4.747408552477992,3.4741712570370566,23,Strategy
W0079,5.432341208648941,3.6661493298941945,4.6484123062643805,16,Sports
W0080,3.970069103855977,3.0403203985708576,4.836155614675214,23,RPG
W0081,14.4889651177522,3.482438951135757,4.643865438910039,36,Strategy
W0082,6.250672508510406,3.2542700880075905,4.8775211774630245,26,Action
W0083,24.788264936592427,1.1655146367444398,4.582043571576308,31,Action
W0084,11.271012695913125,3.466706255201272,3.3421213199814184,30,Casual
W0085,2.9216548433996326,5.0,4.607619479015559,13,Sports
W0086,6.016672300455208,3.33193759270494,4.097304920470054,32,Strategy
W0087,10.590546383637662,2.301854711836976,5.367450763568543,40,RPG
W0088,26.094185136032582,3.4298496543442933,4.6630300956640935,21,RPG
W0089,7.587589494569499,3.2715471624024532,6.255009960575187,32,Casual
W0090,8.713015657688892,4.943330974825336,4.259514831654294,20,Action
W0091,3.709857012236873,3.2411006227001615,5.034278832242537,15,Casual
W0092,25.869046200715626,3.0915900596738783,3.7745764191353652,34,Casual
W0093,2.269705477523346,4.68998044419834,4.217094658270089,32,Strategy
W0094,12.867599496763507,2.787321125702756,3.454753141642248,18,Action
W0095,10.605575417012956,2.6357063249448807,5.046045688931534,13,RPG
W0096,13.421114133051496,3.170885198245019,4.535021203696462,15,RPG
W0097,16.76095336339739,4.5692316709842515,6.351963545727605,28,Sports
W0098,22.624243516082732,3.363699203373608,3.9862828909464194,30,Strategy
W0099,11.076872542296362,3.7445571418233956,6.437568337826724,26,RPG
W0100,3.2306494632252916,3.626533125002455,4.189815039254356,28,RPG
W0101,32.60485695241415,3.2560984872920065,3.765175383354061,34,Action
W0102,7.016301495843298,3.5778408533054455,4.048377488922728,32,Sports
W0103,20.400036968982317,4.724532119654733,3.2147426859985417,25,Strategy
W0104,8.820977496826048,4.30721742133606,4.568357317959596,24,Casual
W0105,18.341211724729597,2.1912398324149107,2.951638203063557,15,Casual
W0106,10.528573282807328,4.487142473385713,5.574868172878265,37,RPG
W0107,8.038667968559906,4.995669862384763,5.465382142116754,25,Action
W0108,20.034809101804978,3.0320909391379782,3.7806450542690686,41,RPG
W0109,1.8682878409386996,4.33820762945813,5.588596501569168,25,Sports
W0110,8.404451835401778,1.0,4.172264133298341,26,Action
W0111,10.861750737944908,3.8582367671518383,3.4603058238616833,19,Action
W0112,13.754354808196561,2.8339254072835676,5.928512235120737,31,Sports
W0113,7.093147039386981,3.6261465194075324,6.8603573070191715,38,Strategy
W0114,2.757220061789379,4.543383127300607,4.185819940301372,31,Action
W0115,13.378906214829648,2.850910398898189,3.622568412829489,42,Action
W0116,4.638956298923297,3.0883117208633735,5.629211233261157,28,RPG
W0117,16.46660262864448,4.188709377349489,4.998804539584559,20,RPG
W0118,13.776166076642639,4.479796976893169,5.3889766185698,25,Action
W0119,10.432190002207113,5.0,3.592357060604547,38,Strategy
W0120,31.00148845350809,5.0,5.279775651781879,28,Strategy
W0121,24.280907097160657,1.5735422279925264,4.674400557891849,33,Sports
W0122,5.158797328507067,5.0,4.943156944477752,25,RPG
W0123,3.01684378971022,5.0,3.2536489902604724,28,RPG
W0124,28.027798419459916,3.846963681122563,3.7631791175076255,30,RPG
W0125,52.9125002942153,2.9393936415324182,5.472135577053466,25,RPG
W0126,6.371609369293888,4.987769637824004,5.2533824560997,22,Strategy
W0127,13.072106075931366,5.0,4.885017449864283,31,Action
W0128,5.435562497361834,3.481694223171926,5.158744697433489,37,Strategy
W0129,6.670130311418437,5.0,3.324874159275801,13,Strategy
W0130,83.98126411771294,2.6216718928587612,4.561061417293066,16,Action
W0131,14.442211295101776,2.339924092074177,3.1910469204177936,19,Casual
W0132,11.334760122111312,1.5317701379753736,1.867655892716681,27,RPG
W0133,11.884767077212766,3.1571219383582028,5.139794080842205,38,RPG
W0134,4.48538793934236,3.9576719449820876,4.432426849351497,13,RPG
W0135,14.004603671149034,5.0,3.605878949367595,13,Strategy
W0136,39.73644746206105,3.5012102994905474,4.872965564012389,22,Casual
W0137,30.402966318944866,3.449582774696533,5.062634714449035,43,Strategy
W0138,7.616482997300194,2.7537667053036032,4.442729235354313,38,Strategy
W0139,5.827278387784527,2.5702085039415232,5.367723319956498,28,Strategy
W0140,17.38906295637547,4.575947105363332,6.461101948894283,14,RPG
W0141,11.150046766787641,3.040266938416437,4.549528959888952,40,Action
W0142,10.016652959682006,3.7302116456962535,2.479904106496595,21,Casual
W0143,6.395801799989855,4.065767599694856,3.1990451475243225,43,RPG
W0144,19.255193277235136,4.399367998476546,2.671722657188149,20,RPG
W0145,11.32279717281152,3.994103442431168,1.4611227489653644,35,Action
W0146,10.56927924557401,3.318602980163526,5.266092913033308,23,RPG
W0147,11.081107133652147,4.947475396669809,5.420534292987617,14,Strategy
W0148,14.430583831464931,4.46585528966853,5.141137414374242,24,Strategy
W0149,5.372516818461675,5.0,5.052692090310193,36,Casual
W0150,5.176185860757353,2.012339312924202,3.552708104144843,13,RPG
W0151,1.8183184383042594,1.3342735152815157,2.267781851994558,19,Casual
W0152,13.642894002611238,4.0880460042514155,3.4200563326438207,33,Action
W0153,41.46021394523253,2.7980000184336467,2.923608614920143,35,Casual
W0154,22.45188003965746,2.3828185144859395,4.106635538840653,23,Strategy
W0155,10.690783354302875,2.3447244786289043,4.090039418784663,35,Sports
W0156,4.902262011998237,2.383792372004604,4.347135811912472,42,RPG
W0157,8.356563672294003,3.797582717593843,5.551253170753013,37,RPG
W0158,6.8958153115859835,4.907357945137189,3.5257836503955957,31,Action
W0159,13.78870655554678,5.0,4.155605766584326,13,Sports
W0160,8.962898211915403,2.6977364319618715,4.13270973595225,34,Action
W0161,14.660533244660403,4.189832002003221,3.9644358166028497,30,Casual
W0162,8.073990210739572,3.683843129505462,5.688090903560717,30,Action
W0163,4.163625036491731,2.333501330769896,4.2523485070569915,36,Strategy
W0164,35.62073498711836,3.4039154999612777,3.8844767167814753,25,RPG
W0165,4.193607308845471,5.0,3.087214181274733,36,Sports
W0166,4.509876075730045,3.477608038700649,3.5105832207344356,29,Strategy
W0167,6.402942669824675,3.4562562725151236,2.9623972842999953,26,Sports
W0168,7.276975519234737,5.0,4.514247049369422,18,Casual
W0169,18.705425145227117,5.0,2.029693373182746,15,Casual
W0170,14.19072178663043,5.0,2.510461908043548,28,RPG
W0171,7.80515059702344,3.9213730670445126,3.5271893003375605,25,Strategy
W0172,15.382028723894221,4.794069664193843,4.887630296926994,25,Casual
W0173,51.56848017622565,4.611905672878087,5.369612382583689,29,Sports
W0174,14.248713293762352,4.688518868489512,4.895156010717701,36,Sports
W0175,12.810926657491608,4.957897357668348,4.492886421303884,36,Casual
W0176,18.07333006124143,3.9248454118437284,4.662734243155822,20,Strategy
W0177,5.85484690089823,1.8444097581679297,4.646984509224448,24,Strategy
W0178,78.00925375403492,5.0,4.890234168373754,28,Casual
W0179,31.873200349643028,5.0,5.71959554923452,29,Sports
W0180,7.38930178416157,4.191486539736709,6.491798901797731,25,Casual
W0181,16.304767024511044,5.0,5.322132403109722,23,Sports
W0182,2.536689817410987,4.759165584358446,4.268614059011975,32,Sports
W0183,13.851762605510972,3.1575208020048353,3.8606179721385265,41,RPG
W0184,11.03936363835338,2.5041173108401256,3.8093452125759315,35,Action
W0185,14.410192413720482,4.66697411745321,2.783403821172744,21,Casual
W0186,6.984268291755155,3.6045433921948646,2.6676907316250107,28,RPG
W0187,23.578826397273502,4.807589661519213,3.1383390923795047,27,Sports
W0188,5.693291422138695,4.8382472284549625,2.135741368159952,30,Action
W0189,25.46253075992337,4.337022000777096,4.638107387976632,16,RPG
W0190,8.24177625369007,4.687328575598593,5.985626940425758,27,RPG
W0191,3.005690625397397,5.0,6.227192975032425,32,RPG
W0192,7.766303761299666,3.1318724170310435,5.917961119539911,40,RPG
W0193,38.47484214381712,3.260242849753079,3.8378462335509758,29,RPG
W0194,3.503881762898359,2.8276004170830875,4.815765052249408,26,Strategy
W0195,5.180147792759344,4.804792276656943,4.033300664921065,29,Casual
W0196,13.785793350779137,1.1953742993013607,1.37641608031779,13,RPG
W0197,5.4671185631528445,3.728063469327067,3.273202061778607,27,Sports
W0198,8.009225981560977,4.6100855225378785,3.3337241337410863,26,Strategy
W0199,6.250675656817181,2.7810629591796405,2.8445815632540086,35,Casual
W0200,17.18028830726514,3.896330009477654,3.4168493246191334,29,RPG
W0201,9.189092077825993,1.2250384485272163,4.204045802183462,17,Sports
W0202,25.481801542507498,2.727262298022576,5.519412343883581,34,Casual
W0203,3.501522980895303,4.02860538879575,4.8319156441167905,13,Sports
W0204,29.966571077569643,5.0,3.4554563343117506,27,Casual
W0205,18.877873925700417,2.4455258095844306,4.3765622711702115,31,Casual
W0206,12.438832320119097,3.3334939387703373,3.9252491228405533,24,Strategy
W0207,14.405629736864858,2.933010621781133,4.058285471270165,21,RPG
W0208,7.723193608237906,2.8327845459792864,3.1944805861014904,32,Sports
W0209,5.5751230382692025,3.415031213192038,4.495621967576328,25,Casual
W0210,36.44619991447874,3.7077409455027883,3.402307300258975,15,Strategy
W0211,9.97494139977166,3.5634299279660313,6.186196280734502,24,Sports
W0212,4.784354822721016,2.887743447467569,2.6425750826981567,35,Strategy
W0213,14.795023335238703,3.8131845397057136,3.857214071590617,23,RPG
W0214,12.773771763116239,2.5794490349865287,6.044879992494441,29,Strategy
W0215,19.211910322188313,4.869115817352345,3.7342720420571816,28,Strategy
W0216,7.798019627667295,4.474547047744898,3.1694884721102223,36,Strategy
W0217,5.77255208919217,4.3334321154534505,5.889833192579571,40,Strategy
W0218,5.014242542344277,3.8371009264417038,3.192268424943304,19,RPG
W0219,5.111086314567155,4.242742953155517,4.922003301220979,40,Sports
W0220,17.47474383378393,5.0,3.8885197222786902,30,Sports
W0221,15.089099325655903,1.3972618308254914,3.667430142788523,16,Strategy
W0222,19.79652693271384,2.91303849626013,5.0765996402835185,14,Casual
W0223,14.981634241941292,4.202458490543579,2.8936545726612612,22,RPG
W0224,7.503805282262156,4.389999267203353,4.089342934988174,31,Strategy
W0225,56.2185495717561,4.41730603149177,5.2817528940908725,25,Strategy
W0226,9.615830409592732,4.478510441930169,4.9547769473775425,17,Casual
W0227,3.196897645442071,4.447577599456636,3.4852352422080166,13,Action
W0228,19.525323097253146,2.467859229075599,3.3888035689317304,46,Action
W0229,8.358348763695124,1.3396215392280149,4.952891299663496,29,Strategy
W0230,8.956863218033446,4.512558095474766,3.7315392845292497,46,Action
W0231,9.292596149788242,5.0,4.6779295639503,19,RPG
W0232,13.89384522437866,3.146117919783389,4.972820815168732,38,Action
W0233,4.792896131948019,3.5971999742330953,2.516293334287976,42,Sports
W0234,8.088725810204823,3.37025136115807,5.1983681490267,40,RPG
W0235,11.00101952179452,2.479072489495964,4.034616178759656,18,Strategy
W0236,27.304018416625716,1.9398408260585893,4.738225559209446,35,Casual
W0237,6.020898497594738,3.4823913013562846,4.0609020759563155,13,Sports
W0238,7.2324863347490105,4.549675804349754,4.223129009100752,19,RPG
W0239,24.99917967610457,3.3356315194068804,5.571602583817145,31,Strategy
W0240,16.68726737184813,5.0,5.326917929730228,33,Action
W0241,12.334457022127642,3.2616041117491528,4.912771176338473,22,RPG
W0242,6.532533725823665,5.0,3.2624771025635493,33,RPG
W0243,22.83087662810686,3.6051022226887075,2.086093402646538,17,RPG
W0244,10.694060881271398,4.475404055714806,4.455078180181977,13,Casual
W0245,11.587528060960043,2.745616572437637,4.900077431927595,13,Sports
W0246,11.637474972981945,1.0,2.539712132791725,37,Casual
W0247,11.740670810472206,5.0,2.508232562481212,28,Strategy
W0248,19.729947301523232,3.402596524772549,2.797826780057007,18,Action
W0249,8.880866632832246,5.0,3.3933459303473223,13,Action
W0250,2.1514711250771823,5.0,3.414372763572857,29,Casual
W0251,8.554127367595994,1.9275415651676422,4.122303723147904,37,RPG
W0252,10.528594134266442,5.0,5.2216734328493715,34,Sports
W0253,11.845139396579045,2.4872053714656674,5.241021020953857,28,RPG
W0254,6.651349548399071,5.0,3.9127819106768302,22,Strategy
W0255,4.259396820092897,4.573907922841619,3.2913657099868607,23,Action
W0256,15.787840058472744,3.8397591924082226,3.3564104019791854,37,Sports
W0257,18.493860659662726,4.682449634078758,3.674776735569044,18,Strategy
W0258,3.3889677966772696,2.8650648761149404,3.2334561782800346,23,RPG
W0259,8.836587039431809,4.447605976545875,3.9235000246284226,40,Casual
W0260,6.305056950011761,2.572875132302853,4.607232864108813,34,RPG
W0261,13.435791124254605,4.957925847830257,4.035749176919873,21,Strategy
W0262,8.387229852277795,4.138485755862934,4.512383959324156,24,Sports
W0263,3.7908711072227894,4.585387910498448,3.809469492375106,32,RPG
W0264,24.517730438955972,1.587002254035033,3.319712972156854,17,Casual
W0265,14.778066944477665,2.3375404006681064,4.5069712260420545,13,Action
W0266,8.070986884882524,3.2835257161251117,1.0284473663643823,21,Casual
W0267,5.318934992895952,3.0344184073437783,3.338177580683358,30,Casual
W0268,4.7693131568178435,1.5233408943911741,3.960860451121871,35,RPG
W0269,9.164307892952719,3.7902237434513215,6.135826347854967,32,RPG
W0270,2.8568675629746183,2.5672879006474103,3.364081390143292,20,Sports
W0271,36.389777876089006,4.226983532065405,3.3627622832031028,30,Sports
W0272,6.6793713064739535,3.841524604414242,3.1275451065865214,18,Casual
W0273,10.498024168194483,5.0,3.8875542886554904,27,RPG
W0274,8.180241156356184,4.057773711261522,4.330172404815042,28,Sports
W0275,12.70141170799245,2.16503570782194,4.667749446605542,30,Strategy
W0276,20.752885140919428,5.0,3.757530333498586,21,Action
W0277,1.7126753703445194,4.987367928302009,4.464869931696831,25,RPG
W0278,17.927907309429756,2.0130891481284854,5.266027874969359,24,Action
W0279,10.06667137613082,5.0,2.4012640773029963,27,Sports
W0280,23.493168204044093,4.267133525556635,4.631865399085572,13,RPG
W0281,14.585745361024797,3.150752739201522,4.123053405873418,27,Strategy
W0282,3.705072912960712,4.652600088955756,3.5651375518263837,25,Action
W0283,4.6585980131254,3.7625831109395094,3.777917729444482,13,Sports
W0284,25.521222585544027,3.5833589449705934,5.857268968744307,19,Casual
W0285,19.545929189411957,5.0,3.2330852862566957,29,Action
W0286,9.064745096717159,4.995704080735552,4.35530970950366,40,RPG
W0287,17.47136579983092,2.6010803942725103,4.365951714944889,31,Casual
W0288,7.168395108711567,4.715901126539298,3.9397831571542428,32,Action
W0289,21.96880670787225,4.2767879215870135,5.369622942684167,38,Action
W0290,9.050879667600162,5.0,5.659203650438952,21,Casual
W0291,6.366844242478451,2.3532795737971197,3.36351388239104,26,Sports
W0292,12.374145105234582,4.084495439710148,3.549774060541146,35,Strategy
W0293,9.278105865584712,3.436743039750235,2.694853454464318,13,Action
W0294,15.635333177877822,3.8926776517117,3.5768011127028316,13,Action
W0295,8.10061120940622,4.635809775114956,3.267854435991133,38,Strategy
W0296,10.272806241611944,3.4337048876347867,2.9906585331437485,28,Strategy
W0297,63.67910427936325,4.3915319664235195,5.483797340823211,35,RPG
W0298,21.334465665469764,2.7367124120249455,3.525849321440145,18,Strategy
W0299,8.964379671318094,2.6988387301215924,3.8972343094411506,19,Strategy
W0300,12.451678278257669,5.0,5.279165662485616,20,Strategy
W0301,4.983543011984645,3.209994009029946,4.519663311540336,31,Casual
W0302,31.26113354539179,4.1831795461671435,3.0633800152952517,17,RPG
W0303,9.805256671715405,5.0,3.841616663478386,26,Sports
W0304,23.06472219125823,4.8489198980877,4.646132198850672,32,RPG
W0305,21.925682273935653,3.770332376972742,3.5396018575696737,32,Strategy
W0306,20.009012571032887,4.991913067784469,2.09706609790333,37,Sports
W0307,19.950446000002742,5.0,2.571072497469845,15,Strategy
W0308,22.03823670281668,2.3133507923004686,4.198117107983345,32,RPG
W0309,45.01607091383616,3.1751264322493036,5.170059023438687,38,Action
W0310,14.898874682121725,3.9339116429836096,3.057711669359626,21,RPG
W0311,15.60341340217549,2.5409624384084415,6.449722641777612,29,Action
W0312,2.7773640001572253,3.7675440637726463,4.59558209472032,40,Action
W0313,7.2403984626681615,3.961348999113649,3.4407332562544344,31,Sports
W0314,4.742273264840326,5.0,5.8087887058288725,34,Action
W0315,13.689089951708269,3.040064523773191,5.5090103450769154,25,Action
W0316,18.24425285804958,4.028838502922345,3.903576250888298,22,Casual
W0317,16.36657269402289,5.0,5.8082877453420085,27,Casual
W0318,4.269942769117282,2.8038886831992835,4.717577305936582,14,Action
W0319,26.191073029753447,3.70527786576354,4.035656674533788,14,Strategy
W0320,16.996435913703138,5.0,3.3361349449780726,13,Sports
W0321,10.985662086202769,1.0600047571911606,5.676597075362505,23,Sports
W0322,4.96773416776652,4.1963818364609695,4.964884140878929,22,RPG
W0323,12.097341739960862,3.009438004989992,5.0444090042867265,25,Strategy
W0324,15.476820408954339,4.395614936381465,4.399473033597384,39,Strategy
W0325,24.073095644884976,2.3675769627983527,3.305405460551777,18,Casual
W0326,6.356708948931459,3.7989742135058355,5.075123652346429,30,Sports
W0327,8.524678971137341,3.718107972496813,4.206466484480706,38,Sports
W0328,6.4181675167107235,3.992965937079447,4.326347989047123,18,Sports
W0329,14.048352355409772,4.389051009784253,3.6011011701359203,31,Casual
W0330,10.023082476571979,4.801821239946126,6.220722172649669,33,Strategy
W0331,10.582025797698956,4.410295922469008,4.879197311185981,20,Casual
W0332,7.107968930570024,4.27039226613364,4.236724933718187,23,Action
W0333,20.70148851279134,5.0,3.427421562858348,13,Action
W0334,21.8030869149649,3.085840537514149,4.313807145675124,29,Strategy
W0335,18.978551573525078,5.0,4.426088178854617,22,Action
W0336,3.580610777749777,4.061585318622581,3.528447240981953,27,Action
W0337,14.224955680531153,4.5024260479209515,3.53851492929617,13,Strategy
W0338,17.84686974541291,3.082288161854663,3.840385306774861,40,Sports
W0339,11.459346795398195,2.2936705288329,4.962474597320557,13,Sports
W0340,15.281787567306836,3.1351895748062515,5.822502037928842,17,RPG
W0341,24.95434667896586,4.523433738460675,6.12073746374329,18,Sports
W0342,17.994111821986653,3.295280881442039,3.304233499075563,29,Strategy
W0343,23.95234568833484,2.2347478092614903,5.1951438189885355,16,Casual
W0344,37.96091799281019,5.0,4.712537572741633,20,Strategy
W0345,24.284874690320024,4.0223871851402855,2.982947031100721,32,Strategy
W0346,15.110873170152793,1.5804810288317634,5.202202971417993,15,Action
W0347,15.101108568277297,4.872842101852363,6.27079352247754,20,Casual
W0348,14.004363217913617,5.0,5.801102357305474,27,RPG
W0349,20.171392513225516,3.3466787084506726,4.112507401280422,19,Strategy
W0350,13.476581755262703,2.3940756803293652,3.4861050898419825,34,Action
W0351,17.640191851755834,5.0,4.777446873836873,28,Sports
W0352,9.860056643040654,4.742919984976175,2.5954077776852236,26,Action
W0353,9.537627989723177,4.687565594750925,4.861227912591539,17,Strategy
W0354,17.30733354363257,1.3537479336802671,3.5857185812650343,22,Strategy
W0355,9.227312858513558,5.0,3.388164022498431,27,Strategy
W0356,6.9316883095164235,5.0,3.5215795491414426,31,Action
W0357,10.386577430584678,2.1735371958136884,3.907316882804092,26,Action
W0358,14.796523078318879,3.8614278551584853,1.5096587912794064,26,Casual
W0359,7.882117840627122,4.396654267835907,5.431726864545456,30,Action
W0360,35.82505804713873,4.108147879496616,4.241575376095434,39,Action
W0361,10.895164777812099,3.0614793208677673,3.9554571549242623,25,Action
W0362,5.776955282683521,4.052903635084938,5.056309027905527,14,Casual
W0363,74.87925128363693,5.0,5.254934987322827,26,Strategy
W0364,8.950622562560802,3.829115461614299,5.482375060087743,21,Action
W0365,41.213955186240604,2.926948497761872,5.240084455398119,37,Casual
W0366,18.186655188883385,3.5622946767238757,3.8462955515740522,31,RPG
W0367,15.543458850328923,3.7656869791049505,5.595670804016395,19,Strategy
W0368,6.941098961890225,4.06836544511824,3.5136563540504206,26,Sports
W0369,12.57454380028031,3.8605577059717597,3.0773378358777075,34,Casual
W0370,6.5221377348509835,5.0,2.6926937540445848,14,RPG
W0371,18.967652552298105,5.0,2.5047783292105805,35,Casual
W0372,10.29573058088673,1.7355447634209331,3.5103345012939866,55,Action
W0373,11.525678133681271,3.6660237448294617,3.1305395853423867,37,Action
W0374,53.54327226015815,3.056566824840081,3.8895278580864208,16,Action
W0375,5.607232113398054,3.623382961477866,3.640027372967956,20,RPG
W0376,4.725236735097545,4.460286976613005,3.7088659505152624,28,Casual
W0377,8.165946651146616,3.408636319833271,4.811581040957847,43,Sports
W0378,16.931509738049424,4.078516384188662,4.921392150343147,22,Strategy
W0379,36.64114673001666,3.2110245828658694,3.595522817348038,37,RPG
W0380,8.331416179511606,5.0,4.156432664534596,13,Strategy
W0381,21.243061303681134,3.005904056316957,5.253092729243461,39,Action
W0382,6.925713135880355,4.180934453469555,3.640653394055097,22,Casual
W0383,11.12552717676938,5.0,4.726752212223251,21,Casual
W0384,3.0912102855288417,4.531553108670484,5.099226783071753,32,RPG
W0385,4.2013922522320435,1.9825914937101814,7.0,26,Strategy
W0386,21.297890408712405,3.4711597895596054,5.308000823666376,47,Action
W0387,23.955400140950214,4.578437438293838,4.71445924038113,30,Sports
W0388,22.234419161936877,2.215717108836265,2.777015834994995,13,Strategy
W0389,15.278874324261912,2.886706455180036,4.344817086983524,31,Casual
W0390,1.67452532797852,4.143456750535265,4.310741689755977,28,RPG
W0391,6.807185861605756,4.425919940354712,4.655087581460251,40,Action
W0392,4.0168486151778415,1.9123301541605675,3.920973552829666,13,Action
W0393,11.282191207655757,2.428377071561246,3.6234325950665824,17,Casual
W0394,9.527008278102251,3.855686797363381,4.43694562362513,26,Sports
W0395,21.740749272119654,2.4951466118622463,4.019063243232347,28,Strategy
W0396,34.15869440268863,5.0,4.749735675246989,20,Casual
W0397,24.663090999376536,4.8596229064785454,3.7795724693058923,21,Casual
W0398,14.670711427210088,4.929281616017328,3.6547755103232396,26,Strategy
W0399,35.878543714116304,3.551624324704705,4.771593721150582,21,RPG
W0400,8.883717382601068,2.9909762766677703,4.302646625466376,23,Action
W0401,22.77175831468606,1.0,4.845858805528857,46,RPG
W0402,7.26822152363179,4.064642140028105,3.566171612515314,32,Action
W0403,14.219868351872075,3.3767664756184197,4.658282738579056,30,Sports
W0404,23.066503393378635,2.4893899744980317,4.342556064678677,19,Casual
W0405,14.98155011055507,4.10735913494902,5.124904854180856,14,RPG
W0406,6.724311375688204,3.1518272200859925,4.284124404818529,19,Sports
W0407,12.831293819186644,3.075989398112022,3.91316505678788,21,RPG
W0408,22.379166124576116,3.5076621486173845,4.707519411728043,32,Action
W0409,21.68119558905223,4.321988237319777,2.671157253802841,42,RPG
W0410,71.01985410051415,3.42439633030532,5.135191194493143,14,Sports
W0411,18.521566735867367,2.1417780803454853,4.015947387586349,27,Sports
W0412,15.472547430228335,2.089997269624673,4.797503940588204,25,Sports
W0413,3.6916743510361854,5.0,6.803395157123298,13,Sports
W0414,8.634062876324187,4.078703623278721,4.6314819285517315,19,RPG
W0415,4.946466222158397,5.0,4.80226342369127,27,RPG
W0416,36.125191326754546,3.3361058589359778,3.787526686269983,13,RPG
W0417,9.944616616871425,3.884228524203924,4.70473005315162,29,Strategy
W0418,4.681003396282937,3.537564525129204,5.360895261405547,39,RPG
W0419,12.146212788379614,2.6575928062732044,5.144562383692301,22,Casual
W0420,11.541254546506279,1.8762320954005336,3.472629811753983,21,Action
W0421,17.88372007247144,5.0,3.282980494465926,23,Sports
W0422,15.422164201103161,2.7490270648155817,2.705849292060613,14,RPG
W0423,17.18354425175872,2.136957458677473,5.581353403553132,30,Action
W0424,10.888516143693654,4.230101746337928,4.094070621938752,19,Sports
W0425,14.184207526264098,4.027464813374485,4.086854407773612,24,Action
W0426,3.3126321824745757,5.0,3.554446808715894,27,RPG
W0427,3.6863903380751895,4.192693468634464,5.114879255926816,19,Sports
W0428,9.299088405317514,2.6219473890028118,5.714719037126316,14,Strategy
W0429,9.109705305045907,1.7451637996318774,4.300377513559046,28,Action
W0430,4.062432763064908,3.2000531044372122,4.280647849920981,35,RPG
W0431,25.38811195456825,5.0,2.634850036977864,38,Casual
W0432,11.995959677728187,1.0,4.50904785939445,13,Casual
W0433,8.320505857268277,2.56109909905556,5.90916621164662,13,Sports
W0434,13.995340918867992,2.746560561275504,3.868540583883668,34,Casual
W0435,19.463252440639714,3.329933647613576,4.70457072711273,29,RPG
W0436,3.415532589899182,3.089156258636546,3.424859364676377,26,Strategy
W0437,19.55038448081499,5.0,2.830073465919628,24,Casual
W0438,13.071861749037994,3.526498767793858,5.641097766078978,30,Casual
W0439,18.023254943924567,2.659479618216864,3.310144672645328,21,Action
W0440,18.204089224996068,4.066407285452707,2.832432221121467,36,RPG
W0441,5.268477187414647,3.360384260001748,3.4817971945383226,28,Casual
W0442,26.54389982117393,2.924595933039307,4.881516438497671,27,Casual
W0443,21.872168704265007,1.830098274836361,2.855051574726212,13,Action
W0444,30.563520450303727,3.73502810751977,3.0405032313439753,31,Casual
W0445,5.703544607296042,3.2447911431317777,3.530185629445627,18,Action
W0446,16.749027217156375,3.955455784972314,3.4958734659863704,27,Strategy
W0447,6.427093030771924,5.0,4.690847035584878,35,Sports
W0448,5.2309821980547255,2.500003508630404,2.884920583428622,29,Sports
W0449,28.01041466347826,1.8128285454851265,3.0614583878509265,34,Casual
W0450,7.06738561409189,2.374169269630471,3.152992120992552,31,RPG
W0451,15.71136771444134,2.7466701932476476,6.324280363959373,21,Strategy
W0452,10.089131070738619,3.2465697479208058,4.205450512998199,20,Casual
W0453,21.963475371399475,4.482391356864226,2.3350720035437513,29,Strategy
W0454,8.280958355171284,3.633770989914184,2.8198432283058956,19,Sports
W0455,15.125480708459778,1.2519405333019042,2.828244713547149,13,RPG
W0456,20.11764320177355,4.062622881208684,4.406748209320939,26,Action
W0457,1.4971898259980343,3.7806020776968468,3.5875713026172042,42,Sports
W0458,9.944316300893583,3.5953574284208747,5.278383770657214,29,Casual
W0459,4.647683415726207,4.6704909703751465,2.4946386752088663,18,RPG
W0460,34.07571125425924,2.8135824969142593,3.797561656077048,37,RPG
W0461,19.496821049608013,3.0108775693041436,5.147606020571024,26,Sports
W0462,11.931697134742954,2.3707605072458566,5.647207653529403,47,Strategy
W0463,20.636689822167558,5.0,4.37036933199979,22,Casual
W0464,14.529294904219036,3.157448866859152,6.544127998989375,38,Sports
W0465,7.154166941253381,3.7942216556815236,5.145545303999293,21,Casual
W0466,33.03267478540341,3.7325250997075274,4.4550924714984665,29,Action
W0467,40.16741149231893,5.0,1.9156657567747328,31,Strategy
W0468,22.894971370322008,4.038605100844021,4.830559903164319,32,Casual
W0469,23.32780886598337,4.249255431413172,3.9568430104307044,18,Sports
W0470,11.486171808500915,3.8601874156441474,3.99011605805079,32,Casual
W0471,8.345840012610674,4.095415634486628,4.656323323288993,33,Strategy
W0472,21.0730600342777,4.1956783583248125,4.068544990777119,34,Casual
W0473,7.106364977848102,4.566342946033248,3.708767325576577,25,Strategy
W0474,10.837705881134694,5.0,4.74200023173485,25,Sports
W0475,8.989615612825684,3.317456167607365,4.019119606862279,20,Sports
W0476,5.642270802972256,2.5145962157475803,4.564600185291182,25,Strategy
W0477,16.720264299241293,4.337554227179947,2.498924265587567,28,Sports
W0478,10.601237066055779,5.0,4.986646886555531,34,Casual
W0479,10.196364840919436,5.0,3.862053865388842,24,Sports
W0480,36.00177255470323,1.6918694596335317,5.106092440897962,32,Sports
W0481,7.519126544827541,2.3765147415220618,4.669972522462564,35,Sports
W0482,5.338446836391846,3.2896771465837435,4.108924757675607,26,Strategy
W0483,6.662122880037886,3.0347130739408135,4.756483400277887,21,RPG
W0484,14.813489052174226,4.351569805191346,4.22652864660948,21,RPG
W0485,27.871649506625758,4.546442766234376,3.6092720608096407,21,Casual
W0486,12.231804845028519,3.944847003647878,4.387973601788285,22,Action
W0487,5.300946970283621,4.2082021766145745,4.173810027816118,17,Strategy
W0488,3.2294182477376165,2.793281401866688,4.757238298637444,13,Strategy
W0489,8.425041277431646,1.7361852337221353,3.267072124373793,24,Casual
W0490,30.18754101603689,4.021303254232086,3.907197596579156,17,Sports
W0491,14.193137990300317,2.8648189770241954,4.559625782457382,33,Casual
W0492,5.9572525955402105,5.0,3.166912919610008,25,Action
W0493,13.360675815584248,4.4844310030798695,4.3297266635516225,17,Action
W0494,6.85447921639282,4.142575351057868,4.650799739116603,31,Casual
W0495,9.317046945074178,2.970569334816103,4.9181928331554845,33,Sports
W0496,19.512660543716876,4.619957043987336,4.951265020173023,33,Casual
W0497,20.86251832310529,3.4551835171758083,5.466242148369865,30,Action
W0498,14.74423458364876,3.9716783567006413,4.354737971026703,13,Strategy
W0499,6.453053649696201,1.0,3.0022238045071212,24,Sports
W0500,16.558144209932813,4.047415672812803,1.985858157797662,32,Action
W0501,10.496115813816703,5.0,3.482147630407761,15,Action
W0502,6.673302276475828,3.835610130656472,4.950504270651698,17,Casual
W0503,5.504968994263306,3.7624878448498262,3.543308917230242,45,Casual
W0504,8.857702088356367,4.989013982826632,2.892888455342468,13,Strategy
W0505,12.010646823473976,4.483726634897346,3.822614283985369,28,RPG
W0506,10.523273353215457,3.5911666765799883,3.6152575411538637,34,Strategy
W0507,1.3346095065251724,4.641252678878254,5.352165194878432,29,Action
W0508,8.50620001666083,3.232991787728679,3.9297447069931533,41,Sports
W0509,40.80711901877665,4.63292414570282,5.901155171080141,21,RPG
W0510,4.5243320439818495,4.933008834633129,3.1179526971624876,26,Action
W0511,22.97859060975396,2.994323538230411,4.380420636183926,28,Strategy
W0512,19.283560157700716,3.0879205254482907,4.003819814004189,13,Sports
W0513,12.771047327392981,4.087082175124756,3.354904671228819,19,RPG
W0514,33.829379392327226,3.9811749703906902,4.243090851557251,26,RPG
W0515,6.349623292750513,5.0,3.901915357246099,18,Strategy
W0516,11.049214458497188,2.2545805321467975,3.6236985647149806,24,Action
W0517,10.56651436608513,1.0,4.147793285309037,42,Strategy
W0518,18.47958768228476,4.5618505825054685,5.130447642420894,26,Action
W0519,20.959681181859928,1.0,4.793920324254095,32,Sports
W0520,93.53902660948933,3.918041935847116,4.1920146967849234,31,RPG
W0521,9.982731068490805,2.702640814276057,3.6348478992964934,31,Action
W0522,21.06493467693377,2.4925859039102463,4.712296115536111,23,Sports
W0523,36.154301055487466,4.5288599027780885,3.7820995883195643,36,Sports
W0524,12.165531624687445,3.438379801402716,5.063826156999131,23,Strategy
W0525,12.580382293709523,2.7503830688010282,4.166294278559904,30,Strategy
W0526,34.181060240263484,3.177741604443332,2.895065753511785,20,Strategy
W0527,5.370802960542856,4.050922488461714,4.830517585407825,16,Casual
W0528,22.830803628815737,1.5796649688944902,2.9070815675905965,27,Action
W0529,7.036988505692081,5.0,6.08216797948616,16,Casual
W0530,11.150724022019778,5.0,5.250005547527491,25,Action
W0531,10.417190549793846,4.6124291341645165,4.937502317509979,17,Casual
W0532,35.28612052555208,4.383000282091759,3.172905555588785,30,Casual
W0533,5.842323109005349,5.0,5.692515940777226,35,Sports
W0534,2.719692451799413,3.6582577953425512,4.02704824749638,17,Casual
W0535,8.573949934651672,3.628584524574695,2.9866788499073964,32,Casual
W0536,5.467354549445959,5.0,2.5917834822898467,30,Casual
W0537,13.553518868760682,4.3442311097583834,5.811290654756405,25,Strategy
W0538,20.29400078831792,4.683443938793712,4.789712931506912,14,Strategy
W0539,16.98832301818124,3.4953042030703307,3.5426497683329568,13,Action
W0540,4.73572452619245,5.0,4.955133305195659,25,Sports
W0541,4.077615919229593,4.328871178168343,3.9529205555951097,39,Sports
W0542,17.00418630181812,5.0,2.895035402452465,27,RPG
W0543,5.301539228947389,3.520610578776202,5.152425613544986,20,Action
W0544,4.0459728926058665,3.7726347886426685,4.937267451129413,25,Action
W0545,35.13984208437574,4.5195043459113515,2.090399146255993,32,Strategy
W0546,9.265317144322772,3.398959529078218,4.406845962069165,28,Action
W0547,13.87747890768328,5.0,4.149303465519238,14,Casual
W0548,14.720946029671003,3.7366928559198267,4.463850344927834,17,Action
W0549,12.750491584792647,4.360042652165602,4.582626592340977,37,RPG
W0550,12.385902983273708,4.913983879856439,2.612165796316596,31,Casual
W0551,14.796671753197552,1.9730388304798068,4.152278363601897,39,Sports
W0552,7.354707988710815,2.685679618223136,3.5866814578155726,44,Action
W0553,12.751919464095845,5.0,3.870499568779096,22,Action
W0554,7.302588548243511,3.051359967824825,4.862818245972337,22,RPG
W0555,19.811532850759384,1.8452769052463287,4.273624184637978,29,Sports
W0556,11.824827489118551,4.238052112916952,4.413707488433855,34,Sports
W0557,11.337829176854914,5.0,3.0199809751280418,37,Action
W0558,14.959132937480298,4.670702236179473,5.6858877993883645,30,Casual
W0559,25.24292829400499,2.7635273086519163,3.397484549977211,14,Strategy
W0560,22.45143628196736,4.0355321502475565,4.695900788914493,18,Sports
W0561,16.779762650138174,4.242604666266258,3.4411541814742357,34,Casual
W0562,9.426420053258228,4.636554582862776,4.212197828778949,26,Strategy
W0563,30.595924066632097,2.2210801380403975,3.6340445393043783,13,Casual
W0564,6.478640046052007,4.2882272598894176,3.7512557357450307,41,RPG
W0565,7.154867314842876,4.505842219526503,4.956122815897942,21,Action
W0566,36.167043746439475,2.631953002406253,5.045376297749667,32,RPG
W0567,6.105937705984172,3.8389078106728216,3.756121364915619,44,Action
W0568,16.416304631602138,2.6245201641934712,4.39860530160566,44,Sports
W0569,14.16121045623523,5.0,3.873419135888495,27,Sports
W0570,10.275737149614377,2.8389269668713846,3.9774186160395315,29,Strategy
W0571,8.096511739227614,4.9325355886572915,3.3791942623043782,18,Sports
W0572,8.49616398570493,5.0,3.5972427146335497,39,Casual
W0573,5.842639810802908,5.0,4.52264677999902,26,RPG
W0574,4.682455547025367,3.602405424517243,3.9367669360405424,37,Action
W0575,3.106108589959344,3.9689991326774363,3.45708333719828,38,Action
W0576,10.74676906903699,3.4314086964434454,4.8483712275279265,15,Strategy
W0577,25.988521742959364,2.972010131937777,3.4021389239793525,23,Casual
W0578,3.6670401115078723,4.890860801439034,5.300983645944583,37,RPG
W0579,14.856399561632022,4.260656822827138,3.389631473802566,15,Casual
W0580,13.039270313523474,3.829714170809737,5.608640001754743,35,RPG
W0581,23.31809198732454,4.522998916631213,5.445082144328055,13,Sports
W0582,20.2951662505838,4.624345436177975,4.349892268622399,29,Strategy
W0583,17.719517880216873,3.3068593740959535,4.973990750276952,36,Sports
W0584,6.471285647076658,5.0,3.0348716102332025,18,Strategy
W0585,12.163564511607566,4.919366747715251,4.634852983847708,13,Action
W0586,9.235160999020392,4.4807620842830165,4.88369671098868,28,Action
W0587,5.1690741731227465,4.381440429915029,4.040556650753527,26,Casual
W0588,15.74146663818335,4.307917395626137,4.2272532479647715,19,RPG
W0589,6.366330350336863,4.310262871719844,3.086725983137002,32,RPG
W0590,22.110909982347014,3.8371043457000837,2.9425553775472144,29,Casual
W0591,15.688670944274298,4.054289423780897,5.077904525038241,18,Strategy
W0592,4.443523803281263,1.6003923594508147,2.4606603197315904,26,Action
W0593,26.338426091528653,2.7122573563321533,3.616624249974174,41,Action
W0594,12.75931481750045,3.29517202347555,3.407999431778075,36,Action
W0595,11.899257861522695,4.145532017554293,4.921401399492329,41,RPG
W0596,1.9215913306383594,3.1292984635068204,3.1929840481431278,16,Action
W0597,6.961281275054768,3.4502729091844855,3.096074401566058,25,RPG
W0598,6.292058326049811,2.413573153567957,4.804898994384959,23,Strategy
W0599,6.346609140217463,2.0464435466129762,3.4862129130064248,33,Casual
W0600,5.016397151986546,5.0,5.9459775960255214,31,RPG
W0601,4.455003647942837,4.314804759961326,3.465945334751138,23,RPG
W0602,27.054771417036395,5.0,5.310063819520831,37,RPG
W0603,7.074073654467907,4.313545198039994,2.7534163057291643,24,Sports
W0604,2.3342074028812,4.1324358922436915,3.8544146157937185,47,Casual
W0605,6.107326733974969,3.452025611271905,4.14416296626752,23,RPG
W0606,6.305413144825265,1.6119621717310095,3.7165109925317084,24,RPG
W0607,8.608532551650177,4.978466979725493,5.6567190404448064,27,Sports
W0608,9.904092225881659,3.8304390143466356,4.329695565300583,43,RPG
W0609,12.00053665212106,4.076438445644294,3.13370277198977,26,RPG
W0610,7.120502533880106,4.3327771445147025,4.411480412556275,20,Sports
W0611,11.440582354065263,1.4891881090385506,3.2279310089079445,16,Sports
W0612,89.77194779943001,4.768929248691921,4.729293583866961,26,Strategy
W0613,6.118653254040465,4.410478077446769,2.635065918268258,39,Sports
W0614,3.441422371884008,3.396880348253318,4.391837300142011,25,RPG
W0615,21.826586959404967,1.6680294440559282,3.5273799539752493,27,Sports
W0616,8.317208416865933,5.0,3.953187246225202,29,RPG
W0617,6.173473557735317,2.1215085130232048,4.212839883482549,31,Casual
W0618,4.486739388360644,5.0,6.317751181377709,25,Strategy
W0619,25.1877391603307,1.0,2.8941776579858707,24,Sports
W0620,5.286514649172485,5.0,4.701503757281536,19,Strategy
W0621,42.41368183372976,4.2342483966730295,4.352927557440807,19,Strategy
W0622,34.72595483006083,4.130824839839202,3.967277730369253,22,Action
W0623,22.39640819639461,5.0,5.159927442973811,24,RPG
W0624,8.303893876748921,2.599536944495986,4.507810356170692,16,Action
W0625,84.55318379717733,2.9685368756102424,4.613366174903973,36,Casual
W0626,4.523655123927377,4.028839854602469,3.559987236635979,27,Sports
W0627,11.009721350641135,3.5437279331021885,4.453182502645523,26,Casual
W0628,5.034406786516134,3.8742884693237722,4.285812487722162,22,RPG
W0629,13.404953330457136,3.437659509713758,1.9453626702472064,28,Strategy
W0630,13.522086888797176,4.553804350010152,2.7597174914457456,29,Strategy
W0631,19.43866569747357,1.4789742417874745,4.874696580605082,14,Casual
W0632,9.529604445073053,1.5445850350088106,5.376080193800991,33,RPG
W0633,17.631055207102115,3.564630310896648,5.387721325570134,26,Action
W0634,8.80032556926045,5.0,4.132211460910461,18,Casual
W0635,13.451440256796596,2.731584128494446,5.138998659811676,35,Sports
W0636,6.2982612256591874,3.784242488900703,2.775633771992576,32,RPG
W0637,19.32036340278062,3.5327124218039616,2.3516900729802668,38,RPG
W0638,17.416106551069173,5.0,5.004896088611891,36,Casual
W0639,7.720107323187241,3.120268965762918,4.072811630555468,13,Casual
W0640,11.367539909654742,5.0,5.508459887053883,13,Sports
W0641,5.788470163453605,2.5515398025409173,4.575329177041151,24,Sports
W0642,34.969788103322074,2.7703620900683523,3.3053969813427075,30,Action
W0643,53.34435295050406,4.826247424891901,3.503533856403169,43,Strategy
W0644,14.407005308416512,3.193203795760554,5.0802424037582,13,Action
W0645,35.21185426061982,5.0,4.803969077056648,27,RPG
W0646,17.00637428218725,2.942824176302467,3.8351734206087653,35,RPG
W0647,11.906433752323062,4.650569354284636,5.136041264184565,26,Sports
W0648,5.683463349837747,5.0,2.9579557457682517,38,RPG
W0649,16.90173825503038,3.3174455233786535,5.602082210759467,14,RPG
W0650,5.289655592468097,1.0,4.6883885218887995,26,Casual
W0651,10.822738903856429,1.5062201000296929,3.0042651553491004,26,RPG
W0652,16.7416135184969,5.0,4.166232486483608,30,Sports
W0653,7.028041817485676,3.755153361659953,2.2221607686410145,17,Action
W0654,5.204220601605656,4.856427689957112,2.8196321590481697,22,Sports
W0655,6.923280189731534,2.335590784129312,1.8380572073749097,29,Casual
W0656,15.60336686458226,4.474840178941976,4.839278083253845,13,RPG
W0657,9.948006629693168,5.0,3.995129862978997,31,Sports
W0658,19.20577062853329,2.9267857355506646,3.8199730458348777,28,Action
W0659,39.057930819605296,3.3034124736603543,6.210306242686184,16,RPG
W0660,6.544609820627668,3.3207119872201685,5.171705109330486,28,Sports
W0661,22.60052986007539,3.021682827833342,4.978499521459266,19,Action
W0662,13.699923481720624,4.083369801919103,4.387607487231154,25,Sports
W0663,8.0390993794534,2.665560622244585,3.0259356418625085,18,RPG
W0664,7.531332126470865,5.0,4.754904744699034,26,Sports
W0665,5.19185140976742,3.2982732221061886,3.2043564403219897,18,Casual
W0666,10.978471579322594,5.0,4.931054365709189,41,Action
W0667,3.5847784797747755,2.4118716490351004,5.206713260098421,23,Sports
W0668,2.363708869201416,3.224668528209482,4.274359306429275,28,Casual
W0669,5.739342159579349,2.1044664712319996,3.423605413977005,36,Action
W0670,11.09457558608361,3.761679515182577,4.934782313569116,23,Sports
W0671,7.879991826781156,2.920527925307892,3.9065142582176238,46,Casual
W0672,6.256085264985736,2.4771750388073057,3.3844315551824384,14,Strategy
W0673,8.210291603513069,2.7729517054759842,5.467944292879996,41,Casual
W0674,19.248657452382673,3.650989290760726,5.003769288295133,20,Sports
W0675,5.2292104950727865,3.487814813738023,5.310368641699333,13,Action
W0676,11.62637555017944,3.8103706753379107,3.4465864857769737,22,RPG
W0677,11.120288021553945,1.235635492151523,4.791519736340857,20,Strategy
W0678,4.587127244360599,5.0,2.7315799878361924,16,Sports
W0679,19.431488281105146,4.5155326808980565,5.119534154512612,29,Action
W0680,7.294329267561079,2.708422213090548,4.141192102788576,45,RPG
W0681,48.627105567933356,4.949197319824096,2.896232852498131,15,Action
W0682,7.082424674882683,5.0,5.354172052569581,18,Strategy
W0683,10.116040988882263,4.200393690514615,4.848564109224646,31,Action
W0684,49.22412606739681,4.32682797784066,4.176492372551481,16,Action
W0685,22.359194389932686,2.957906248576279,2.9565892889149765,24,Strategy
W0686,10.040742310284989,4.444087974195826,3.2733314748484776,27,Strategy
W0687,2.1625904320721063,2.8980678070089474,5.323498293943024,40,Sports
W0688,26.34287508666725,2.5630581172320652,3.343191536871054,44,Sports
W0689,4.474810140250994,4.388095574368142,3.4840325607005,36,Strategy
W0690,15.73477608650532,3.4974717340279646,3.237438305660591,17,Strategy
W0691,10.923035727510301,1.0,5.973820094950042,34,Sports
W0692,12.462834551763125,3.5254166772689755,4.909520004994112,23,RPG
W0693,9.545394623097389,1.4963264221158408,3.7487090976903503,13,Sports
W0694,7.866648867673649,3.06851114217384,3.466056509648056,20,Strategy
W0695,8.099876463256281,3.316112233320851,3.9676947119554984,26,Casual
W0696,10.282557718826201,4.507285387220511,4.309161155806066,19,Casual
W0697,5.6490461590674075,1.793158003950512,4.941193052231048,35,Sports
W0698,7.747582815987936,3.2027186555370886,3.157075512892211,13,Action
W0699,20.864805745897446,4.894342748106637,3.7247423140568694,29,Action
W0700,3.819264192875323,2.052867878466027,4.297851667288051,24,Action
W0701,23.262799277484806,3.287221509272367,4.304129259766584,48,Strategy
W0702,18.027426396582975,5.0,3.904567018804944,21,Strategy
W0703,80.42304513351002,2.2543998421192737,4.050005409220529,33,RPG
W0704,18.85877691469315,5.0,4.591955966099652,26,Action
W0705,12.130219897467839,1.7586763337389537,3.152087491023589,25,Sports
W0706,16.157462778045705,4.156385385950258,4.121116440187366,19,Action
W0707,2.9707639248702455,4.376571029588058,3.6241296187639893,46,Action
W0708,17.351334119307012,1.1079351660165297,5.491370818740065,28,Strategy
W0709,6.334261184655161,2.3688176513222583,4.7017462669332515,20,Strategy
W0710,32.5841581307022,3.1119053162648758,4.441386033942732,31,Casual
W0711,9.119936219122744,3.7973465544103773,3.7628771295203935,26,Casual
W0712,12.928899461686244,4.679812170295818,1.2431524743993987,33,RPG
W0713,5.435504346324256,2.707687272151218,5.038304864861646,24,Action
W0714,8.259337416845499,2.7328423001905158,4.039491218485615,32,Strategy
W0715,8.815713416278776,5.0,3.5941334027109337,17,RPG
W0716,16.462811027031705,2.5284181588553123,4.1926814949795554,29,Action
W0717,22.44273759640059,4.318510767285083,3.5375630441219856,36,Strategy
W0718,7.78201892640742,3.8181485136967304,4.013074984377998,26,Sports
W0719,3.529325272082446,2.80019543115979,5.719380266255948,30,Sports
W0720,3.674379959064561,3.703784640330839,5.780000551731625,15,Strategy
W0721,21.16033814385029,4.411607689950162,3.988904615136594,26,Strategy
W0722,17.0826242268472,4.858315601028827,4.443774054763912,49,Sports
W0723,12.664438372879767,4.4981877991055566,4.67983356089816,20,Strategy
W0724,10.822457069094018,2.9316613066042843,4.220611405313459,34,Sports
W0725,11.731758223884794,1.0,4.7036954100370805,18,Casual
W0726,9.739386601134491,1.6776828283777019,4.40174426048245,28,Action
W0727,23.064145876409142,4.5445709026092445,5.195442916253558,40,Sports
W0728,10.969684458834687,2.0443460010826726,2.043854247450414,26,Action
W0729,5.794255845181009,4.851810688241226,4.706438263864098,19,Sports
W0730,7.1816944482058656,3.3329944061335133,4.453035019100467,32,RPG
W0731,3.174992376817181,5.0,2.9649122893710187,17,Strategy
W0732,18.665576883975753,4.042196040235723,4.160082620559357,23,Action
W0733,6.740899769390959,5.0,4.718191604366496,29,Casual
W0734,8.971940493002101,4.438350533268776,3.72432678306441,39,Strategy
W0735,5.187206055108012,3.7374247682641193,4.047408455994364,31,Strategy
W0736,7.282114844968065,2.5989319392407566,5.025399650688501,22,Sports
W0737,17.806332070265775,5.0,3.0752678647780183,27,Strategy
W0738,11.625694331840261,3.8656678876033777,4.269055318929953,33,Casual
W0739,12.841257840329725,3.564586409567295,5.6397150215842204,33,RPG
W0740,25.030789319514923,4.515773273284332,3.5291393630737016,21,Strategy
W0741,14.466673188661602,1.1286070035457567,4.360835282527585,30,Action
W0742,6.916335107055708,5.0,5.578542954685249,14,Strategy
W0743,17.302561496086124,4.719880748909785,3.9554588716146366,25,Strategy
W0744,4.98903954184105,3.0887582446379174,4.17013174843942,30,RPG
W0745,20.3906712715587,2.870087188814515,4.6626481786014216,24,Action
W0746,12.294077418215121,4.129151004974668,5.00134771463353,29,Strategy
W0747,15.329716034402646,4.336548454847359,1.739361701787356,34,Strategy
W0748,12.531414715889223,3.450651624383902,3.4243363456321387,28,Sports
W0749,9.196821247616022,3.731537467800035,3.636108221991559,20,Strategy
W0750,4.044266109807346,4.301984889489308,4.404176023305588,30,Action
W0751,32.56403471662275,3.7974972767300335,5.6212694698184364,30,Strategy
W0752,6.862956229507078,3.8648060794911023,2.600163763604534,19,RPG
W0753,5.887424683960894,4.065203369710085,3.4473407088476025,19,Strategy
W0754,12.81058171094502,5.0,4.1225750292451355,15,Casual
W0755,12.187135039869215,5.0,5.339303195044735,48,Sports
W0756,7.68580665458445,1.913030041593014,5.565714397195328,13,Casual
W0757,7.024406630196687,1.257239182780431,4.282560139019578,13,Casual
W0758,16.39166795018136,4.978618794067081,4.345702284070798,16,Sports
W0759,31.41587900195073,5.0,3.781152695960126,15,Action
W0760,10.205420694060221,2.443467485222419,4.358632409986768,24,RPG
W0761,10.06934352112666,3.355622938583278,5.33608387990311,26,Casual
W0762,20.115973120904034,3.2611623699461187,2.457966620487572,21,Casual
W0763,7.288377465640263,4.078698314433825,4.317851653820566,14,Action
W0764,4.144329753942509,5.0,5.774802132058104,34,Sports
W0765,4.428582222764124,3.015489877250175,3.790778400847634,21,Strategy
W0766,7.911746664803197,4.404159132728251,6.489537744611378,22,Casual
W0767,8.689076666416911,3.0244687911513717,4.270017810670283,40,RPG
W0768,2.7475053996123386,5.0,4.063679064591508,19,Strategy
W0769,12.09672342472753,3.660823770717899,3.823538706769353,21,Sports
W0770,12.442932407634983,3.857272546171398,4.105922705551094,13,RPG
W0771,5.379405321809939,4.728145205498251,3.1705665784410737,23,RPG
W0772,11.496960712469427,3.674220435546039,3.8307824336698446,29,Casual
W0773,74.17533328541282,5.0,3.2832931630402697,23,RPG
W0774,8.016976126767537,3.7465931532528733,2.8153045724361667,25,RPG
W0775,3.8591555936288207,4.553546590897139,3.6427731555160956,43,Sports
W0776,5.60475764042093,5.0,3.6694618582370255,13,Action
W0777,5.862481251624067,4.061808900979602,3.276252245183782,31,Strategy
W0778,6.072690443881181,4.807595152431871,4.838552356522147,30,Sports
W0779,6.809230065446704,4.554142363927343,2.708491580091636,19,Casual
W0780,9.317168609878093,1.0,4.670276273814673,20,Sports
W0781,4.983715572392253,4.794896174290304,3.488251034183811,26,Casual
W0782,13.165926987533165,3.5771278924872574,4.023573617409513,28,Action
W0783,9.80176168941656,4.339908103167975,4.490362737921423,27,RPG
W0784,12.310304747648669,1.0,3.6473575329627734,40,Action
W0785,2.872677108705643,3.3188519585275937,3.897465108283818,22,Sports
W0786,24.409084905718178,5.0,3.4337360521502447,31,Strategy
W0787,44.05479613976702,4.917201202568605,3.6922352350321006,22,Sports
W0788,11.092138614910862,4.40249756248074,4.510064825007223,19,Casual
W0789,9.345579126642598,2.581241169425623,3.3788361357402175,23,Strategy
W0790,9.489895336349688,3.3530631860765685,3.094561174228203,24,Strategy
W0791,30.225458064475152,2.5620053495880537,4.4931610657224645,18,Action
W0792,2.8882974437287063,5.0,3.4720953591706705,30,Strategy
W0793,28.594878257784803,3.862725972206182,2.5004905184740887,41,Sports
W0794,4.883290699500001,2.171056686166532,3.7549441845491414,42,Strategy
W0795,35.45075396313037,5.0,2.9774740653049263,25,Action
W0796,15.542260724959858,3.951144246310315,4.9316133294998155,24,Action
W0797,11.240534755230449,3.0593406143549964,3.6869591498372807,29,Sports
W0798,5.218403202243554,4.433011126153065,4.958975288404165,31,Action
W0799,2.3569664838880304,3.344606194539512,4.904740588077068,24,Strategy
W0800,2.784768390346273,2.6451405946609885,4.063367026738789,29,Sports
W0801,6.686277788315719,3.992225309078958,3.948716029929063,20,Action
W0802,24.74398486457267,4.573796573533566,2.967309295484278,18,RPG
W0803,6.434264341829137,5.0,5.582616028165372,13,Casual
W0804,2.5648810216953084,1.6204033178169595,5.261333026433765,48,Strategy
W0805,8.754261049376545,4.181700030197659,3.4715248462378754,20,RPG
W0806,6.597300258064517,3.7163812543948658,2.8136362256331995,31,Casual
W0807,10.76526727041839,3.518642041050517,3.9937910879512355,17,Sports
W0808,6.116764129822726,1.0,3.2675584910916773,33,Casual
W0809,4.37482808718735,3.2851055428334943,5.84733994333253,13,RPG
W0810,6.895040514696558,3.2326761921335407,3.3426056206211436,23,Action
W0811,6.09226433667512,5.0,3.2833191522319867,33,Action
W0812,26.376482206618252,5.0,5.0080833767719435,26,Action
W0813,12.938663240694526,3.595682425853593,2.744968362513954,21,RPG
W0814,17.10291118273468,4.456976335054183,5.060708431038535,28,Action
W0815,6.86452565238385,4.548876388308958,5.129560228163425,18,RPG
W0816,9.530671304216277,1.9310160466466901,3.0098887137361645,33,RPG
W0817,5.282500571924676,1.3806580793110785,3.896312085125546,22,Action
W0818,15.080471857257427,4.333198173315148,2.5812834979594745,15,Strategy
W0819,5.7601505056738755,3.4606801258244992,3.7971844007071045,38,Casual
W0820,9.70178446014345,4.736186310076564,4.473129254880174,33,Sports
W0821,6.253511269586298,3.280086775500925,3.710266024589898,30,Strategy
W0822,13.82567848475972,4.9908246557817595,5.2949334407690465,22,Strategy
W0823,21.97772268782242,2.443260588047365,2.829033800002695,19,RPG
W0824,8.80620589362595,5.0,3.55432307716574,35,Sports
W0825,19.46373069974095,3.665397655573238,3.0438175511583507,41,Casual
W0826,13.013102477588113,5.0,3.4708545760609444,13,Sports
W0827,15.203896656312395,4.68419888206485,5.853571863714321,32,Sports
W0828,17.811740810226603,3.8276984358598516,3.1426754688918566,30,Strategy
W0829,10.959281921695029,2.7583002880397745,5.862924606048819,31,Sports
W0830,9.77522049072005,1.0,4.534261995491554,32,Casual
W0831,3.3165307427784056,3.391143998712806,4.375038468903645,13,Sports
W0832,5.570862703388088,2.7849180221564316,4.57555015345044,57,Action
W0833,11.030341827730402,2.9945237682007324,4.422187350909241,32,Casual
W0834,45.544832508215435,4.380365347704217,3.699734414802266,24,Sports
W0835,14.905569454553243,2.486584186688747,3.6490904537987747,36,Casual
W0836,6.159116935783247,3.5757932587006986,2.918954617901311,32,Strategy
W0837,14.896463705424843,4.200455935655482,4.477000009407642,33,Casual
W0838,29.756506394519153,3.836152838995799,3.9764635923281295,25,Strategy
W0839,6.387448473050741,3.120829489929399,4.170026310878767,32,Sports
W0840,17.098129885894252,4.944347038629871,1.82166371504925,27,Casual
W0841,16.46044786391261,3.1323409627310177,4.286220149240266,42,Action
W0842,6.191684374892492,4.045141146623406,4.947685014615676,31,Sports
W0843,7.50590297682249,4.000781617677107,4.559534324835249,16,Casual
W0844,4.0596607970855425,4.366070703741988,3.8710778575105413,37,RPG
W0845,15.987489279014502,3.8249541170319405,3.5880127759866403,28,RPG
W0846,22.918877192222315,3.78974773927574,3.416973448668078,35,Action
W0847,8.071831549357999,2.1898195126782407,1.7762579286686284,29,RPG
W0848,18.108728203025294,3.453866872354696,4.320253177787289,19,Strategy
W0849,11.214900129462904,5.0,3.831928973842089,19,Strategy
W0850,10.718981457435204,3.827861434304067,4.73649435447129,24,RPG
W0851,8.006897945105962,2.918601073816302,3.1251617867020425,27,RPG
W0852,8.868475779128342,4.382423362037174,5.858802701290567,35,Strategy
W0853,8.446321704313823,4.19459013233356,4.630350273567823,32,RPG
W0854,14.168496701429765,4.224029093622458,5.8456563242480435,19,Action
W0855,15.471472889058667,5.0,4.043605159590513,41,Sports
W0856,12.253343903151576,2.9067671000416784,4.490881025009874,18,Strategy
W0857,22.60741040734933,3.6136650862696573,3.9153763502082692,28,Strategy
W0858,6.116525813465239,3.5971276686391733,4.7919997457742864,23,Strategy
W0859,11.566855553342009,3.6009912452817945,4.042580909782387,38,Sports
W0860,6.943518574381586,4.262441467773833,4.167164923601673,13,Sports
W0861,15.762005530458602,1.6100203464253036,4.174635628203792,26,Casual
W0862,19.29620929646219,3.0041598256346798,2.17080327650974,28,Action
W0863,3.685778492884423,5.0,5.362515886512982,19,Action
W0864,17.20568366123336,3.2686345662879237,3.6688053505453135,31,Action
W0865,23.27143215120677,2.836742376762212,4.377301900826683,27,RPG
W0866,12.466664967062654,3.335496230816377,2.5097352000431385,13,Sports
W0867,2.53112645047099,4.396356908418696,5.585416822422679,21,Casual
W0868,45.92476113421727,2.8095075757634502,4.535101811738847,41,Strategy
W0869,6.623209427635775,2.469259511065564,4.143025385036257,34,Action
W0870,9.694383058985602,3.493760650422981,3.9504040777553584,17,Casual
W0871,35.10516256556488,2.1206305062967896,3.4215082057182427,33,Sports
W0872,7.449378526725083,5.0,5.614703795259432,28,RPG
W0873,8.860235735496314,3.139566159900548,2.6783021744712787,18,Action
W0874,26.083820600490817,5.0,4.814892305694501,27,Strategy
W0875,13.704909383875144,4.51795807450818,6.039071271049727,20,Casual
W0876,15.466431384843018,2.377178182628068,2.4481709044809397,38,Strategy
W0877,9.622256487854267,4.071797135012489,6.40486738684574,36,Sports
W0878,9.974212360675692,1.8191668074881457,3.865689106979512,28,Action
W0879,15.576583693324556,5.0,4.6636929756181535,25,Sports
W0880,3.456715913723497,4.192186239898204,5.0037987474533185,22,RPG
W0881,4.430706238195501,3.3515421622802903,5.256616906386331,32,Casual
W0882,7.107369268620198,2.446823680020805,1.9719363681877877,22,Sports
W0883,5.523648090960121,5.0,7.0,35,Strategy
W0884,24.110179858389824,1.8551677512934501,6.155144025175813,33,Casual
W0885,8.513846500387759,3.0768137913289864,3.7531358068923977,33,RPG
W0886,9.555404792574876,4.20312435835069,2.7442467194168216,19,RPG
W0887,4.610033264702881,4.415238159781677,3.4510572987277297,36,Strategy
W0888,16.395959201179398,2.7566732712006523,4.802009389564521,13,Action
W0889,8.30688137806491,5.0,5.365569886288807,35,RPG
W0890,6.901349140447069,4.3051234654307216,4.339050136822013,28,RPG
W0891,7.296914669553228,3.852987786985122,5.383309005175241,23,Strategy
W0892,6.334673051476171,4.487570646435939,3.8381364641969298,13,RPG
W0893,4.935565882462584,4.33195311694465,2.1646261358529713,22,Action
W0894,9.776193338128559,1.8113396480866757,6.80466334017833,36,RPG
W0895,16.709069859857113,3.906114027920876,3.5005747560747604,29,Sports
W0896,26.304228476225997,3.0517459067052206,5.909999588143262,32,RPG
W0897,2.867497225149442,2.19063777725314,3.6912193354086376,25,Strategy
W0898,8.189878049311917,3.4080217596196887,4.7348295989517455,29,RPG
W0899,52.19043145475137,3.138583930051221,3.5038480562416825,23,Sports
W0900,12.24970120464696,4.445037327050471,4.494900678641721,13,Sports
W0901,5.169165284818973,3.9214051612661156,3.3258587808226556,36,Action
W0902,11.067604281465593,1.581951378755229,4.9338844717290185,39,Casual
W0903,6.6671142822273675,3.131557220979754,3.408989350158201,25,Strategy
W0904,18.202284825499483,2.073347290504556,3.4019862536725847,24,Strategy
W0905,16.504800350356664,3.9786524148354925,4.883581640184169,34,Strategy
W0906,9.1929728294145,4.893235121384727,3.6371934750368977,32,Action
W0907,18.619385626354358,4.189720819665041,5.314751109901622,22,RPG
W0908,16.245155488278538,2.773963490136328,4.132321340372871,17,Sports
W0909,20.38252194934372,4.6164401513139754,3.173003341157479,24,RPG
W0910,15.564364782003793,2.7950675886616967,5.539361414700748,21,Casual
W0911,11.143381327233476,2.8768574143268326,5.31911791083024,24,Sports
W0912,6.779961153750296,2.3108453709262946,4.4587479876507725,46,Casual
W0913,45.38792603904356,3.5602787549337247,4.726209309549535,31,Sports
W0914,12.315613891351767,3.369794238364848,4.422504878821751,19,Strategy
W0915,7.647936838135568,3.377283845387673,4.599318644534168,23,Casual
W0916,7.5672790932455225,5.0,3.9532357469308796,23,Action
W0917,51.073006031102295,4.908268660155921,5.0660503513792055,41,Action
W0918,20.79900813534424,2.8851827694779493,1.8326899873675289,30,Sports
W0919,3.9281219757013273,5.0,4.167197014248489,16,Strategy
W0920,20.375280181992174,4.790609562005882,2.632932723103269,25,Casual
W0921,8.706961186846948,2.5486035541468848,3.5594575055413853,13,Sports
W0922,9.801827787441795,3.341463241999843,4.175229249694515,23,Sports
W0923,6.348569783042775,3.8958084418822763,5.029082741580548,39,RPG
W0924,15.957475537966925,4.028314154733345,3.8154258833807364,19,Casual
W0925,41.07741277120426,3.6324868162854425,4.5212720301935345,28,RPG
W0926,3.4865490090944022,2.473893092184124,3.271511329888883,30,Action
W0927,6.235668339551976,3.2876929033756155,3.4838295798674093,19,Sports
W0928,5.874915051422521,2.6914567478537297,5.160823073388417,31,Strategy
W0929,6.334013053759659,4.4222372287721825,3.879203082321675,25,RPG
W0930,3.988859255727888,5.0,3.9551642757081376,16,Action
W0931,5.645148589926354,2.8193372383621584,4.6148785297776795,27,Sports
W0932,7.777309648562074,4.108109899571798,5.115043006971573,27,Strategy
W0933,25.14723344845233,4.408717880219367,4.034789459560424,31,Sports
W0934,2.2569743912852727,3.4112458604503537,3.5853024171470436,25,RPG
W0935,9.167740938230178,5.0,3.0247231743816676,19,RPG
W0936,18.807991002908956,4.29149182656594,3.818068480747447,32,Sports
W0937,6.515993642737912,5.0,5.437399535705897,27,Casual
W0938,29.516248335070816,5.0,5.90636877884811,24,Sports
W0939,22.81153492587391,2.8746471008101837,3.6082081039422262,21,Strategy
W0940,13.537748018157249,2.727066283911448,3.6828822212681467,19,RPG
W0941,35.19787063231994,3.5511753611596575,5.658794921796684,29,Action
W0942,17.08506093398735,2.286259144066629,4.45162732225646,38,RPG
W0943,24.63566679565674,5.0,5.210186717899817,14,RPG
W0944,3.8735598696325675,4.235547366449599,3.278077107804054,21,Casual
W0945,14.818665582102518,1.9353570700993517,3.118824665290428,26,Casual
W0946,6.759312575927287,2.3251635043091126,3.2466775459933044,19,Casual
W0947,3.7550358030524738,3.6283190980390425,3.082965423554247,20,Sports
W0948,8.989130368286732,5.0,6.070645414282086,46,Action
W0949,14.672293532617939,5.0,3.771596120554574,19,Strategy
W0950,7.1324232588678695,5.0,5.166099949217769,21,Casual
W0951,15.521867221216672,1.7770329615483726,4.57813507794429,28,Strategy
W0952,26.191033004975722,3.139713921703476,3.9569391796238933,38,RPG
W0953,8.048505883464072,3.373507299150203,2.352233348948287,25,Casual
W0954,8.604198495702807,3.864483650596239,4.339498451298628,38,Casual
W0955,11.872571527855197,2.9090624901554016,2.894249613585539,32,Sports
W0956,11.503060653819334,4.318430731095917,3.821761497900048,24,RPG
W0957,24.181633160238313,4.134705447217221,3.8124215233335303,21,Strategy
W0958,1.8832953519138886,5.0,3.3705200311693106,33,Casual
W0959,14.847772275508994,5.0,4.015645480505583,31,RPG
W0960,7.11151433519856,5.0,3.946961537831982,14,Casual
W0961,5.575090450741994,4.700937025739885,2.619945009656247,21,Sports
W0962,50.160764479834484,1.7364464298446074,3.5686454319836,18,Sports
W0963,11.200205029982403,2.612911062303987,3.987656012900441,33,Sports
W0964,8.052650071366802,3.1253603008870976,4.952126204008508,24,RPG
W0965,40.99442066510191,5.0,3.7670655945475677,13,Casual
W0966,15.301985789167734,3.545054552238528,4.795106764460679,33,Strategy
W0967,8.508281899972223,5.0,3.6969613275678412,35,Strategy
W0968,16.422728142149047,4.955211503534578,3.959393757400548,27,Casual
W0969,13.669830866866153,5.0,2.8655069927283394,16,Sports
W0970,4.351698231733439,4.9746221736883935,3.8754979835295953,22,Strategy
W0971,6.258741798032217,4.339920837917337,3.908642949688816,27,Casual
W0972,7.194756048275927,2.753802067435818,3.423435377868943,37,Sports
W0973,7.712285650472286,4.58639330276926,5.299710131742546,35,Strategy
W0974,14.036985212766782,3.498461996515514,3.5032166084083123,25,Action
W0975,6.264061421916016,3.36114079274786,4.901952850935979,27,Action
W0976,5.524455547692881,3.0881439444835035,6.073842229326634,36,Sports
W0977,14.08997378878993,4.434806630251105,4.186135156057025,24,Casual
W0978,12.212813153544804,3.4806492586392075,4.733865859509857,28,Sports
W0979,3.6703635857829267,5.0,1.7085785051008986,25,Strategy
W0980,7.042391714504306,4.899651149148715,4.223945416978934,24,Casual
W0981,12.55820614820638,4.306833791390766,3.9277252258659185,19,Casual
W0982,38.74017256958513,5.0,4.391344082146904,26,Strategy
W0983,10.801233517962324,3.6628918914697532,4.232973025796124,13,Action
W0984,12.990954992366664,4.318792059112202,3.7242444523357414,37,Sports
W0985,10.289616678782478,3.9410097818219487,2.5870212983625605,33,RPG
W0986,10.411882570536015,3.5409296961285985,4.624052375030718,32,Strategy
W0987,2.9213440988938464,4.974554460597394,4.94958361652907,36,RPG
W0988,28.530263128941755,3.0269846035690438,1.9532365569384718,27,Sports
W0989,13.833250803757387,4.105134979202007,3.61092572435491,27,RPG
W0990,20.465469736688522,3.9434081472486207,5.189110094914759,21,Strategy
W0991,4.109838939747623,4.723743081368747,3.361139351233012,32,Sports
W0992,6.104372957932642,5.0,5.200475395713796,45,Action
W0993,12.64713865556091,5.0,4.925497579303715,18,Sports
W0994,6.998659591099638,2.7806821030297124,3.4725895697909164,35,Strategy
W0995,6.909452230363383,2.9435505220665164,3.2051134889757527,23,Strategy
W0996,41.461219268499306,2.3507880334810314,4.199710300934918,13,RPG
W0997,6.0213244845526335,3.7981392313731166,4.49866642810188,29,Sports
W0998,10.123803356943013,3.822318484635249,4.9474820055066004,37,Sports
W0999,9.019782091104988,4.124098784267985,4.089508054362636,24,Casual
W1000,3.66240238804221,2.7208311909010705,3.1870412449895147,19,RPG
W1001,9.087726639769352,2.4192022906686548,6.227410249990139,20,RPG
W1002,36.735969418723755,1.6196144951235802,4.383802912453837,38,Strategy
W1003,7.122516162420178,2.4428051266917388,4.805293855931101,32,RPG
W1004,21.644149996208792,3.861457426793783,3.0634447741215434,25,Sports
W1005,10.115923748193087,4.47191339183555,2.4802020800363334,19,Strategy
W1006,12.691541892803642,5.0,4.490989046209174,42,Sports
W1007,7.85437734704366,2.860865881658891,5.342207832225335,41,Action
W1008,13.6341499867556,4.147459109815798,4.686750870720324,29,Casual
W1009,8.931998703298545,5.0,4.559388308952297,13,Strategy
W1010,32.737925205094754,3.9556468451210605,4.2814187703892,28,RPG
W1011,5.514734547595293,5.0,4.155830081146505,23,RPG
W1012,8.411043434159799,3.0381042516761485,3.614575030390349,45,RPG
W1013,2.6619933610205235,4.792911725940151,4.347383374081155,31,Action
W1014,25.601746638230757,3.476409568242365,2.4778090586131682,16,Strategy
W1015,16.185925624402927,2.3924482204509765,4.72995611019701,22,Casual
W1016,16.4532708695069,2.8438449367776517,4.453230236734915,14,RPG
W1017,7.298986777377457,4.65531195473511,5.149319819476398,45,RPG
W1018,15.601764808713309,5.0,3.0224869920644566,30,Action
W1019,22.447512325819424,3.8918791666494306,3.075169818979024,41,Sports
W1020,7.003229764373126,3.824204422430374,2.5517109212042337,21,RPG
W1021,36.572308363814855,3.389374428384362,3.080083921042408,43,Sports
W1022,8.139808217030563,2.5164779177226437,5.176952949986752,19,Sports
W1023,5.842996684255404,5.0,2.679385442231626,20,Strategy
W1024,24.748288255427525,3.6530040072562224,6.095195255049815,35,Action
W1025,9.83770679733921,2.345582462369614,3.6212809544202997,29,Strategy
W1026,9.840389084382608,3.0758651765741187,2.8732665795056507,30,Action
W1027,17.470722438065714,5.0,3.5001223177558805,13,Action
W1028,18.304998943779054,3.4269727506023755,3.255809266397865,13,Casual
W1029,5.5965644885713335,2.7966857821148277,3.6218990448676567,28,Strategy
W1030,11.604807703354554,2.298455475063885,4.490883528144051,35,Strategy
W1031,14.328880356317692,3.5569369800651005,3.5628785121478597,21,Action
W1032,14.277162316630815,3.3286250092048206,4.4270081335733975,27,Action
W1033,34.11295564284366,5.0,4.928329844430628,28,Casual
W1034,7.3025982568394845,3.4457454251168027,5.040913005043346,31,Sports
W1035,6.5608920577196495,4.822166827762177,4.413363929865349,28,Casual
W1036,4.143702891690823,5.0,4.703539805883197,33,Action
W1037,19.122889620896167,2.1299380743353806,5.9808238629839865,26,RPG
W1038,5.302252183058373,2.742712302213826,3.6801875802744437,36,RPG
W1039,7.68744651907188,4.51048465652113,4.924716925844965,34,Action
W1040,4.289164049102204,4.211429075145256,5.014213771863531,16,Casual
W1041,4.02195364000917,2.8783037483215663,2.449007654912011,35,Casual
W1042,10.495951848983147,3.8917054687280257,3.2176856644578327,13,Action
W1043,18.197843340309607,1.0734281321025025,4.973153447891597,33,Casual
W1044,3.822762423477204,4.196409558859253,3.9628347518136824,25,Casual
W1045,13.040368890006489,4.511272000684141,3.4142352194950645,35,RPG
W1046,10.205920336222428,3.0914647714623653,4.970522395289096,37,Casual
W1047,5.446401503893717,3.018276708720321,5.998925759141634,25,Sports
W1048,7.013564484295401,3.439977708706767,2.5853269962766285,22,RPG
W1049,9.154756068247906,3.7075358760184103,4.4319150754527445,37,RPG
W1050,5.980598614017955,4.168983481866155,3.9067038421414666,30,Strategy
W1051,2.7502336473667355,2.9085026532675053,4.058382416480092,19,Sports
W1052,21.155114834041427,3.1551851645508955,5.54113387893549,31,RPG
W1053,26.009650888301962,4.415574875216159,3.699547113469637,41,Strategy
W1054,7.303409874630796,4.13314561426562,4.992566353954691,28,Action
W1055,16.82981147245242,4.199698042444823,4.356730874666165,26,Action
W1056,18.865012190194644,4.234244425198451,4.605329223915142,27,RPG
W1057,11.687143113989343,3.7538660813220712,4.899806750469494,24,Action
W1058,4.057262097714193,4.209108248055509,4.184008747770718,40,Strategy
W1059,8.63827345977659,1.1045373516208143,3.6433763674334423,18,Action
W1060,6.667580630916051,4.049884256378871,4.772389582037349,27,Sports
W1061,9.7739807599525,4.705768432339887,4.637562442716397,30,Sports
W1062,5.39551198953158,3.70256545551258,5.2129476900862235,43,RPG
W1063,27.698263203874472,4.149603925639911,5.0345892354574096,24,RPG
W1064,6.68034400012229,2.856570792649641,3.663730269621727,29,RPG
W1065,8.527194626188926,4.901340427909149,4.377495072224479,31,RPG
W1066,5.525353672680479,1.4853482341856408,4.859044543594013,31,RPG
W1067,4.544008461208755,3.956366208952913,4.531640286745054,39,Action
W1068,14.287945629802662,4.311717515252801,4.710284949162217,30,Strategy
W1069,8.468326159166553,2.849718547433154,3.596011870225337,27,Sports
W1070,32.19270833003866,5.0,5.476652299486396,24,Sports
W1071,1.6049569545581628,2.23146843966454,6.297420379957368,26,Sports
W1072,32.81496790031452,1.9266401985104067,3.3411358599894916,21,Casual
W1073,4.238158235859673,4.111584068513286,3.7267365188689503,15,RPG
W1074,9.486790569134971,3.7549242742011515,3.783737948490026,37,Sports
W1075,3.976140112412137,1.09646090349143,4.603281468354887,25,Casual
W1076,16.229046233816675,5.0,4.020594847527028,39,Strategy
W1077,8.543559892580522,3.0324701678142887,3.129935887094203,26,Sports
W1078,7.853922150957146,5.0,4.209296991204929,17,Action
W1079,5.849222893459431,1.1453738670163953,3.2768689497804036,16,RPG
W1080,14.021846396928375,3.619554213314501,4.53669621490659,13,Strategy
W1081,22.5247838532214,5.0,6.052186443483269,24,RPG
W1082,7.073939077280864,3.1538320414480245,3.9169697161996644,33,Casual
W1083,24.823573088149427,3.1729293820523448,3.388321939944971,33,Action
W1084,13.822368866764025,3.0482473502440426,4.860800696323089,27,Casual
W1085,8.712080373310469,2.753797497412529,3.7806184724433396,27,RPG
W1086,6.3930879597975405,3.95279833583989,3.427546713903059,13,Casual
W1087,1.806913291561254,4.701639884326967,4.248904053692405,32,RPG
W1088,16.401856101187633,3.446443678115429,6.2746881051596795,23,Strategy
W1089,7.302982347086458,2.7172466141405964,4.59355641549242,36,Casual
W1090,17.710180459019654,3.4656957334215144,3.103106764292068,28,Sports
W1091,6.742331707861488,1.0607538023149812,4.328907498732648,32,Strategy
W1092,19.003894164926372,3.630854489055028,5.168962259094403,17,Strategy
W1093,27.93458836614905,2.0443885706724005,5.066530909456375,28,Sports
W1094,7.909294899803398,4.447720468041791,4.9610591296593585,22,RPG
W1095,4.861372341024983,5.0,5.201868064321907,25,Casual
W1096,3.0298681130768825,3.265522688840669,4.839463785387133,33,Action
W1097,38.86936443062576,3.3050427151683737,3.3824924947304584,32,RPG
W1098,10.584158539242294,5.0,3.8131523705798283,37,Sports
W1099,11.640361024444989,5.0,2.0656718822671523,15,Sports
W1100,15.136359710864891,4.500626621866782,4.666988609848114,45,Casual
W1101,5.163100095541276,3.87918963194863,3.7064958316340215,38,Sports
W1102,4.413927977955212,5.0,4.279606371093854,25,Action
W1103,24.391355859541434,4.936997558479769,4.072559696672936,13,RPG
W1104,6.579312397803235,3.365406721307437,4.436358601943706,21,Strategy
W1105,15.842424956408577,3.385442032098134,5.029033040490247,27,Casual
W1106,17.749336790968403,2.7474818182241925,5.97431154943513,15,Action
W1107,10.593452387730753,4.059039832018138,3.5698899716287316,13,Strategy
W1108,10.06286887434203,3.6762574245288167,1.8811694457252148,20,Strategy
W1109,69.31031349291861,5.0,3.3351351763394166,24,Action
W1110,32.36021362057947,4.206957103537555,4.7483423645758,20,RPG
W1111,7.547311566218911,3.201859572165824,3.0395515296126456,30,RPG
W1112,9.965305225228663,5.0,3.668046043748009,31,Sports
W1113,23.97498644399241,4.658305616313984,3.208667113839174,30,Sports
W1114,43.35081788967574,5.0,4.11615705108348,31,Casual
W1115,29.498371753116214,4.4035834197436765,4.668555795033051,32,RPG
W1116,7.391315327400956,2.586444502553131,1.6027464932051503,34,Sports
W1117,7.082657840936308,3.864630498270797,5.78164012225956,32,Action
W1118,10.552322409534925,5.0,4.0360610637049,25,Strategy
W1119,22.89593028011633,3.554270194684207,4.031845870903037,28,Strategy
W1120,13.75297898612172,4.6145293559860425,4.258847036533673,48,Sports
W1121,21.37848174746621,2.8905966617705614,4.888080459926667,15,Strategy
W1122,9.447679874202587,4.6382813004294485,5.010921430409431,31,Casual
W1123,20.16263194636451,2.8029952833096266,5.628584259817487,22,Strategy
W1124,11.384913764766035,4.11908251162428,3.3333026147028813,23,Casual
W1125,3.9005414916475973,4.2670426169859725,4.594454514424156,34,Sports
W1126,8.449028671832059,4.379748454311909,4.754548270286326,46,RPG
W1127,4.838841362074392,4.150710236459146,2.5159062978677653,31,Sports
W1128,30.982060803158276,5.0,4.216067331190456,18,RPG
W1129,9.506035516320532,2.5053712265992933,3.438921692348127,17,RPG
W1130,10.2466734264944,3.5271095009362594,4.532179273144163,36,Casual
W1131,15.271876599288799,3.823745046770343,4.179712880584607,30,Casual
W1132,8.85495131943049,5.0,4.640053084581031,23,Casual
W1133,14.441462628532316,3.8916054793337356,3.551340129373452,39,Strategy
W1134,27.783481490187835,5.0,3.244963690506857,24,Sports
W1135,5.644461167723574,4.2929019909127915,3.1757275510937513,25,RPG
W1136,10.56481728240086,4.161603405866784,3.9880310961463943,29,Casual
W1137,16.31958010471649,2.7589467665907685,3.374246915211851,31,RPG
W1138,3.3446950260562964,3.782029705556879,3.1494192144090123,24,RPG
W1139,38.42171018178206,1.8661239698919054,4.609690105143652,28,Sports
W1140,8.651269004683453,5.0,3.123589971560322,20,Strategy
W1141,5.61005981164558,4.257443920298475,4.878525068916404,33,Action
W1142,10.30273898360102,4.817276465053412,4.70468646862361,19,RPG
W1143,14.417832062979281,2.4159138904516366,3.913266425521197,30,Casual
W1144,13.55420969378655,4.337786723247855,3.7378111941394088,19,Strategy
W1145,17.63001682553446,4.677771374287773,5.589784529221369,27,Strategy
W1146,7.892041087577745,3.821564633884427,4.272789851286997,25,Sports
W1147,19.927188690595614,3.3451918965395206,5.77123855390243,52,Sports
W1148,19.20703919863652,3.2314861223241715,5.567421744552629,24,RPG
W1149,7.5999394280320125,1.686835098215739,4.871792262612653,21,Action
W1150,22.913954680844604,3.317050492025778,4.9293921696829734,13,Strategy
W1151,11.22283670554888,3.517320047350129,4.1953475477389075,17,Casual
W1152,28.11736361141625,2.704358524831374,3.0854567421568655,23,Strategy
W1153,4.206821137215605,5.0,3.199820787190428,22,Sports
W1154,24.266198628765824,4.619731405179181,4.249634258175993,40,RPG
W1155,20.55223981941872,3.7809859122719973,3.20323854680441,16,Sports
W1156,18.89070911429908,5.0,4.433755973218621,36,Strategy
W1157,26.649303077781198,4.484866551605288,4.229894988540345,22,Sports
W1158,16.637340132748673,3.970714742205547,4.293606409375676,38,Strategy
W1159,43.01624745528312,4.638465846685507,4.931665918064368,24,Strategy
W1160,8.001755104898853,2.934807887916106,5.017251128882025,36,RPG
W1161,10.332059722641405,5.0,4.841323778001993,17,RPG
W1162,6.698775127135399,2.893019228244494,4.443588639594269,42,RPG
W1163,10.377101327059732,4.515270837946008,6.375933851088426,25,RPG
W1164,12.249110815279042,5.0,4.086393017260014,35,RPG
W1165,7.827017041485914,4.873984550511212,6.204905037440321,22,Casual
W1166,26.75709272344056,3.2606018646344506,4.652899095221821,49,Sports
W1167,5.804789850001248,3.3825101226792937,4.849338077055206,35,RPG
W1168,5.921783366141944,5.0,3.8236570333864184,34,Strategy
W1169,26.97057345431645,2.811682053172384,5.800218031349719,24,Action
W1170,8.969718468900286,4.257648441114583,3.7950830018061765,23,Action
W1171,16.61820463471531,4.289470367835816,6.014308723245829,22,Sports
W1172,10.832512087432608,3.739606084296306,4.048669589625883,24,Sports
W1173,28.823269333055194,3.714095121641313,4.308586334845502,13,Action
W1174,15.49229668881793,3.7814931993659506,2.9761711503932617,25,Strategy
W1175,5.255525705881087,3.3901424865403977,3.1912055323186563,31,Strategy
W1176,2.8341996931992317,3.459356299458928,4.770395256043971,24,Action
W1177,8.596855067111685,5.0,4.209835814745858,27,Action
W1178,7.620490236490381,3.1914795861346152,4.498479560072768,29,RPG
W1179,8.166382074423991,4.717979371499424,5.21457736631136,32,Sports
W1180,2.133957985683398,3.3473768619491224,5.518056638041695,24,Sports
W1181,53.96409364643464,4.85153554053688,3.35903477025747,13,Sports
W1182,29.388646668444444,4.874805316750079,3.438735076459893,13,Sports
W1183,17.525013956926394,3.379522780259722,5.023213802751185,25,RPG
W1184,13.63599353146188,3.4938227167347113,3.7661002427828585,29,RPG
W1185,12.002437831417712,4.794675006486926,3.15551757827618,28,Strategy
W1186,13.372592441266088,4.078795155508308,3.2982818256265327,40,Strategy
W1187,4.618926586899397,2.2002876064046237,5.102054529529349,19,Strategy
W1188,1.9773038849379159,5.0,4.087951952142374,31,RPG
W1189,13.452311880986509,3.6346639794063087,4.9644186890847966,34,RPG
W1190,17.047296159248503,2.893446795689017,5.693606209014311,21,RPG
W1191,11.14712569117153,3.2482244278316585,4.025961291501215,25,Casual
W1192,21.409567288037493,2.7444562628402336,5.077118587819791,30,Strategy
W1193,16.283913975209494,3.131884486008461,3.572742634879946,38,Sports
W1194,8.397486631600696,2.7688347788623946,4.946354111869296,29,Action
W1195,3.8485487752679863,1.3723546053052558,3.5857704432523416,16,RPG
W1196,4.486005976057431,2.4893491334221887,3.364897841478604,35,Casual
W1197,6.516398160947332,5.0,3.955252434297315,28,Strategy
W1198,10.147889235625223,1.8535236995067514,5.16106677792351,31,RPG
W1199,12.402529953962167,2.7689355078054216,3.3445946008331906,35,Sports
W1200,6.855587941117656,2.3396491810091162,4.45656058317823,44,Casual
