participant_id,age,gaming_hours_weekly,gaming_hours_weekly,gaming_preference,source_dataset
A0001,19,18.1264341369719,18.1264341369719,Strategy,simplified
A0002,23,10.906823025723863,10.906823025723863,Casual,simplified
A0003,18,20.453434824859045,20.453434824859045,Strategy,simplified
A0004,22,41.19940790961727,41.19940790961727,Strategy,simplified
A0005,13,10.101433053034366,10.101433053034366,Action,simplified
A0006,26,10.101565728342864,10.101565728342864,RPG,simplified
A0007,25,43.09341720602296,43.09341720602296,RPG,simplified
A0008,18,22.50973277195319,22.50973277195319,Strategy,simplified
A0009,30,8.368046726452274,8.368046726452274,Action,simplified
A0010,32,18.803594246154063,18.803594246154063,Casual,simplified
A0011,13,8.408691268385546,8.408691268385546,RPG,simplified
A0012,18,8.39315251934356,8.39315251934356,Strategy,simplified
A0013,18,14.78435929035991,14.78435929035991,RPG,simplified
A0014,17,2.636298379488024,2.636298379488024,RPG,simplified
A0015,31,3.0650556750089435,3.0650556750089435,Casual,simplified
A0016,23,7.769221580003696,7.769221580003696,Action,simplified
A0017,22,5.418045295046198,5.418045295046198,Casual,simplified
A0018,13,15.664513478848187,15.664513478848187,Action,simplified
A0019,30,5.891913040511478,5.891913040511478,RPG,simplified
A0020,15,3.935968747267644,3.935968747267644,Strategy,simplified
A0021,25,39.35090664521989,39.35090664521989,Casual,simplified
A0022,27,10.169356763269302,10.169356763269302,Action,simplified
A0023,35,12.85872492915544,12.85872492915544,RPG,simplified
A0024,14,3.896978273009933,3.896978273009933,Action,simplified
A0025,13,7.881307530566777,7.881307530566777,Action,simplified
A0026,26,13.312960997202168,13.312960997202168,Action,simplified
A0027,39,4.851098324940789,4.851098324940789,RPG,simplified
A0028,34,16.453832267623852,16.453832267623852,Strategy,simplified
A0029,26,7.534474195804834,7.534474195804834,Strategy,simplified
A0030,21,9.646980840854775,9.646980840854775,Strategy,simplified
A0031,31,7.528039958228713,7.528039958228713,Action,simplified
A0032,17,53.61466050741208,53.61466050741208,RPG,simplified
A0033,28,12.051657715304788,12.051657715304788,Action,simplified
A0034,29,5.226967368487052,5.226967368487052,Strategy,simplified
A0035,33,23.524347054127876,23.524347054127876,Strategy,simplified
A0036,47,4.587453513457971,4.587453513457971,RPG,simplified
A0037,28,14.398022575458173,14.398022575458173,Action,simplified
A0038,20,2.540253555113673,2.540253555113673,Casual,simplified
A0039,24,4.209951640794872,4.209951640794872,Casual,simplified
A0040,13,14.260435987757312,14.260435987757312,Strategy,simplified
A0041,19,21.994078631056794,21.994078631056794,RPG,simplified
A0042,21,13.972549082548117,13.972549082548117,Action,simplified
A0043,20,11.105954146419192,11.105954146419192,Action,simplified
A0044,26,9.574631450615366,9.574631450615366,Strategy,simplified
A0045,18,3.7328887872755367,3.7328887872755367,Strategy,simplified
A0046,33,6.849150522595933,6.849150522595933,Action,simplified
A0047,25,8.42740573983373,8.42740573983373,Action,simplified
A0048,24,28.38037204276163,28.38037204276163,Strategy,simplified
A0049,22,16.036937121100568,16.036937121100568,Action,simplified
A0050,26,2.972989094145825,2.972989094145825,Casual,simplified
A0051,31,15.788268677974273,15.788268677974273,Strategy,simplified
A0052,18,8.952512110739772,8.952512110739772,Action,simplified
A0053,19,7.088419525989992,7.088419525989992,Strategy,simplified
A0054,22,19.87258276133614,19.87258276133614,RPG,simplified
A0055,14,27.79342878170219,27.79342878170219,Strategy,simplified
A0056,18,25.66232839409943,25.66232839409943,Strategy,simplified
A0057,21,6.225327064309462,6.225327064309462,RPG,simplified
A0058,31,9.512722368047314,9.512722368047314,Casual,simplified
A0059,27,15.879210613765952,15.879210613765952,Action,simplified
A0060,26,26.587364966991007,26.587364966991007,RPG,simplified
A0061,31,8.303362968960924,8.303362968960924,Strategy,simplified
A0062,23,10.501024445779844,10.501024445779844,Action,simplified
A0063,28,5.02754614326288,5.02754614326288,RPG,simplified
A0064,24,4.678767407316899,4.678767407316899,Action,simplified
A0065,27,23.33654666036898,23.33654666036898,Action,simplified
A0066,20,36.053070117203895,36.053070117203895,RPG,simplified
A0067,13,11.500515986290466,11.500515986290466,Action,simplified
A0068,23,27.189376259561072,27.189376259561072,Casual,simplified
A0069,36,16.269770575210092,16.269770575210092,RPG,simplified
A0070,32,7.271075347203865,7.271075347203865,Casual,simplified
A0071,32,16.26664161952864,16.26664161952864,Strategy,simplified
A0072,34,41.697002893857146,41.697002893857146,Action,simplified
A0073,25,11.83828970833114,11.83828970833114,Strategy,simplified
A0074,26,42.594065014078815,42.594065014078815,Strategy,simplified
A0075,20,1.4981094053814767,1.4981094053814767,Action,simplified
A0076,22,23.51226038234811,23.51226038234811,RPG,simplified
A0077,29,13.061090957057404,13.061090957057404,Action,simplified
A0078,34,9.590702308434455,9.590702308434455,Strategy,simplified
A0079,23,13.110436877745215,13.110436877745215,Strategy,simplified
A0080,21,2.484185572283597,2.484185572283597,RPG,simplified
A0081,25,10.219140584771084,10.219140584771084,Action,simplified
A0082,29,16.211000535772925,16.211000535772925,Strategy,simplified
A0083,13,39.73829116386898,39.73829116386898,Casual,simplified
A0084,13,8.047679792736968,8.047679792736968,Strategy,simplified
A0085,20,6.380236194069397,6.380236194069397,Strategy,simplified
A0086,15,8.15469932302251,8.15469932302251,RPG,simplified
A0087,20,25.33841678772865,25.33841678772865,Casual,simplified
A0088,23,15.847327715657393,15.847327715657393,Strategy,simplified
A0089,21,7.974044559053435,7.974044559053435,Strategy,simplified
A0090,36,18.368072119403205,18.368072119403205,Casual,simplified
A0091,27,13.166319811721715,13.166319811721715,Action,simplified
A0092,27,26.44100414265558,26.44100414265558,Action,simplified
A0093,29,6.947330776687293,6.947330776687293,Strategy,simplified
A0094,15,9.373347435031196,9.373347435031196,Strategy,simplified
A0095,33,8.90233389269084,8.90233389269084,Action,simplified
A0096,24,3.777974583269319,3.777974583269319,RPG,simplified
A0097,30,15.438991446670869,15.438991446670869,Casual,simplified
A0098,16,15.011914979345468,15.011914979345468,Casual,simplified
A0099,13,12.23243175669767,12.23243175669767,RPG,simplified
A0100,31,10.097928393954058,10.097928393954058,RPG,simplified
A0101,28,3.9263231643439247,3.9263231643439247,RPG,simplified
A0102,17,8.70139834267152,8.70139834267152,RPG,simplified
A0103,18,9.261151442578416,9.261151442578416,RPG,simplified
A0104,34,6.412044562755907,6.412044562755907,RPG,simplified
A0105,15,10.707789108114062,10.707789108114062,Casual,simplified
A0106,38,16.83130735887462,16.83130735887462,RPG,simplified
A0107,17,55.08892627792625,55.08892627792625,Action,simplified
A0108,30,14.008471451122505,14.008471451122505,RPG,simplified
A0109,22,14.969881949241184,14.969881949241184,RPG,simplified
A0110,29,11.478127494898963,11.478127494898963,Casual,simplified
A0111,20,2.624743108328575,2.624743108328575,Casual,simplified
A0112,23,11.9268111021958,11.9268111021958,RPG,simplified
A0113,25,12.783869334494856,12.783869334494856,Casual,simplified
A0114,16,87.4086012235618,87.4086012235618,Strategy,simplified
A0115,30,10.444872918197946,10.444872918197946,Casual,simplified
A0116,20,15.50616790096434,15.50616790096434,Casual,simplified
A0117,23,11.848847248430454,11.848847248430454,Casual,simplified
A0118,17,4.782950281959729,4.782950281959729,Casual,simplified
A0119,13,30.39439606985233,30.39439606985233,Action,simplified
A0120,23,22.23230532991996,22.23230532991996,Action,simplified
A0121,44,22.938702686392435,22.938702686392435,Action,simplified
A0122,31,5.885490214150858,5.885490214150858,RPG,simplified
A0123,24,37.42112740311093,37.42112740311093,RPG,simplified
A0124,22,3.9690197496552018,3.9690197496552018,Strategy,simplified
A0125,25,19.48189699292719,19.48189699292719,Action,simplified
A0126,29,70.27137276904998,70.27137276904998,RPG,simplified
A0127,15,5.515547596036945,5.515547596036945,Casual,simplified
A0128,33,7.744336610679678,7.744336610679678,Casual,simplified
A0129,30,13.193457886426366,13.193457886426366,Action,simplified
A0130,30,8.143495225268339,8.143495225268339,Strategy,simplified
A0131,28,3.5235508845069687,3.5235508845069687,Strategy,simplified
A0132,25,12.869373995732545,12.869373995732545,Casual,simplified
A0133,30,5.207797538315177,5.207797538315177,Strategy,simplified
A0134,29,17.79422460948461,17.79422460948461,Action,simplified
A0135,22,5.838422337252672,5.838422337252672,Casual,simplified
A0136,20,42.09578108941792,42.09578108941792,RPG,simplified
A0137,25,6.510377004433607,6.510377004433607,RPG,simplified
A0138,37,9.415438983915244,9.415438983915244,Strategy,simplified
A0139,15,23.35506259012144,23.35506259012144,Casual,simplified
A0140,13,4.550825052993917,4.550825052993917,Casual,simplified
A0141,26,14.613824257685565,14.613824257685565,RPG,simplified
A0142,25,34.66443396092799,34.66443396092799,Casual,simplified
A0143,26,3.366970613531634,3.366970613531634,Casual,simplified
A0144,26,14.12162184235813,14.12162184235813,Casual,simplified
A0145,23,14.997840669886395,14.997840669886395,Strategy,simplified
A0146,36,22.770328285339467,22.770328285339467,Casual,simplified
A0147,13,4.528720418620366,4.528720418620366,Action,simplified
A0148,18,4.236064734171548,4.236064734171548,Strategy,simplified
A0149,24,18.495977065039902,18.495977065039902,Casual,simplified
A0150,13,15.449671462994315,15.449671462994315,Casual,simplified
A0151,23,14.885599666345332,14.885599666345332,Action,simplified
A0152,38,16.073284848400032,16.073284848400032,Strategy,simplified
A0153,25,7.070846632487164,7.070846632487164,RPG,simplified
A0154,26,14.66997602298889,14.66997602298889,RPG,simplified
A0155,14,15.4013932890021,15.4013932890021,Strategy,simplified
A0156,20,6.879313504051575,6.879313504051575,Casual,simplified
A0157,21,54.19667766731485,54.19667766731485,Casual,simplified
A0158,22,17.797648409228927,17.797648409228927,RPG,simplified
A0159,35,4.697155920409519,4.697155920409519,RPG,simplified
A0160,29,20.59900733281544,20.59900733281544,RPG,simplified
A0161,16,5.585950822721223,5.585950822721223,Action,simplified
A0162,26,22.86637939294249,22.86637939294249,RPG,simplified
A0163,28,30.780348886973236,30.780348886973236,Action,simplified
A0164,34,6.3183250248469935,6.3183250248469935,Strategy,simplified
A0165,37,26.32978751478841,26.32978751478841,Casual,simplified
A0166,16,16.949269601637813,16.949269601637813,RPG,simplified
A0167,18,23.515226041342043,23.515226041342043,Casual,simplified
A0168,14,55.558381462824094,55.558381462824094,Casual,simplified
A0169,23,10.011050242936014,10.011050242936014,RPG,simplified
A0170,28,6.665940597061998,6.665940597061998,RPG,simplified
A0171,32,5.979807975338637,5.979807975338637,Strategy,simplified
A0172,24,6.342999552031281,6.342999552031281,Action,simplified
A0173,22,11.453766552644236,11.453766552644236,Action,simplified
A0174,26,16.005326608268415,16.005326608268415,Casual,simplified
A0175,18,15.200869641375675,15.200869641375675,RPG,simplified
A0176,41,23.61180028701568,23.61180028701568,Strategy,simplified
A0177,13,12.309871648065553,12.309871648065553,Strategy,simplified
A0178,26,38.971369522426926,38.971369522426926,Strategy,simplified
A0179,41,9.85791349767606,9.85791349767606,Strategy,simplified
A0180,25,107.35438092984022,107.35438092984022,Strategy,simplified
A0181,23,20.096263016686425,20.096263016686425,Action,simplified
A0182,22,6.136619097191269,6.136619097191269,Action,simplified
A0183,23,5.172137270019443,5.172137270019443,Action,simplified
A0184,35,17.921084634511157,17.921084634511157,RPG,simplified
A0185,13,10.18819576045077,10.18819576045077,Casual,simplified
A0186,37,21.567776999761037,21.567776999761037,Strategy,simplified
A0187,13,17.789174527235577,17.789174527235577,RPG,simplified
A0188,22,11.49298523711169,11.49298523711169,Strategy,simplified
A0189,21,6.187709745267183,6.187709745267183,Action,simplified
A0190,29,3.625971383425944,3.625971383425944,RPG,simplified
A0191,13,8.523167451374373,8.523167451374373,Action,simplified
A0192,28,24.17016534133317,24.17016534133317,Strategy,simplified
A0193,41,14.458391827606723,14.458391827606723,Strategy,simplified
A0194,14,4.49699311618582,4.49699311618582,Casual,simplified
A0195,26,13.992825593837308,13.992825593837308,Strategy,simplified
A0196,19,16.580941009281563,16.580941009281563,Action,simplified
A0197,28,6.006931491583276,6.006931491583276,Strategy,simplified
A0198,25,13.776718259014547,13.776718259014547,Casual,simplified
A0199,19,12.763212055895597,12.763212055895597,Casual,simplified
A0200,28,4.882335843182581,4.882335843182581,Action,simplified
A0201,39,16.219754100035832,16.219754100035832,RPG,simplified
A0202,23,19.079751104443865,19.079751104443865,Strategy,simplified
A0203,30,28.97522036482289,28.97522036482289,Casual,simplified
A0204,14,28.305089844155447,28.305089844155447,Strategy,simplified
A0205,17,4.046549350122912,4.046549350122912,Strategy,simplified
A0206,28,5.753106490089919,5.753106490089919,RPG,simplified
A0207,36,18.39406786085963,18.39406786085963,Casual,simplified
A0208,27,18.375693037786277,18.375693037786277,Strategy,simplified
A0209,22,18.394250611943573,18.394250611943573,Casual,simplified
A0210,24,168.0,168.0,Action,simplified
A0211,14,19.234632083176248,19.234632083176248,Action,simplified
A0212,29,30.21844538115134,30.21844538115134,Strategy,simplified
A0213,32,26.13306604574512,26.13306604574512,Casual,simplified
A0214,21,20.514111209965765,20.514111209965765,Strategy,simplified
A0215,21,9.466740012683571,9.466740012683571,Casual,simplified
A0216,27,22.35780274845432,22.35780274845432,Casual,simplified
A0217,21,6.564916760366391,6.564916760366391,RPG,simplified
A0218,24,10.079917868139493,10.079917868139493,RPG,simplified
A0219,41,8.262350917413,8.262350917413,RPG,simplified
A0220,23,13.007151368899668,13.007151368899668,Strategy,simplified
A0221,22,77.61237245543185,77.61237245543185,RPG,simplified
A0222,19,2.735154285845612,2.735154285845612,RPG,simplified
A0223,30,21.09441159953445,21.09441159953445,Action,simplified
A0224,23,3.3529055659765663,3.3529055659765663,Casual,simplified
A0225,19,8.35161144249633,8.35161144249633,Casual,simplified
A0226,35,29.112291624051203,29.112291624051203,RPG,simplified
A0227,36,12.82535428550897,12.82535428550897,Casual,simplified
A0228,20,5.143862094918618,5.143862094918618,Action,simplified
A0229,13,6.874074611930894,6.874074611930894,Action,simplified
A0230,33,20.982278471562207,20.982278471562207,RPG,simplified
A0231,19,6.791736785332718,6.791736785332718,Action,simplified
A0232,31,14.485771208364753,14.485771208364753,Casual,simplified
A0233,13,12.634832348344636,12.634832348344636,Strategy,simplified
A0234,32,7.2334761933453455,7.2334761933453455,Casual,simplified
A0235,15,67.704677658987,67.704677658987,Strategy,simplified
A0236,30,20.229364113824357,20.229364113824357,RPG,simplified
A0237,25,2.410624712396928,2.410624712396928,Strategy,simplified
A0238,17,14.142203061252696,14.142203061252696,Action,simplified
A0239,21,7.174770881079964,7.174770881079964,Casual,simplified
A0240,30,24.09361018614233,24.09361018614233,Strategy,simplified
A0241,25,6.462287835854929,6.462287835854929,Casual,simplified
A0242,29,11.114058592815152,11.114058592815152,RPG,simplified
A0243,40,18.24680184285219,18.24680184285219,RPG,simplified
A0244,13,24.3517607100666,24.3517607100666,Action,simplified
A0245,37,4.663484308144483,4.663484308144483,RPG,simplified
A0246,25,9.322203346515352,9.322203346515352,Strategy,simplified
A0247,17,8.331501991851049,8.331501991851049,RPG,simplified
A0248,14,7.223478430326983,7.223478430326983,Action,simplified
A0249,23,50.01702223674454,50.01702223674454,Casual,simplified
A0250,32,16.843846020757038,16.843846020757038,Casual,simplified
A0251,23,4.4428356679240375,4.4428356679240375,RPG,simplified
A0252,37,25.388328426359664,25.388328426359664,Strategy,simplified
A0253,13,66.53478925833292,66.53478925833292,Action,simplified
A0254,24,27.826038205715044,27.826038205715044,Strategy,simplified
A0255,14,3.612875624873371,3.612875624873371,Action,simplified
A0256,27,8.269819986151687,8.269819986151687,RPG,simplified
A0257,32,33.56651253871857,33.56651253871857,Action,simplified
A0258,21,6.916185764068839,6.916185764068839,Action,simplified
A0259,13,17.375402254430245,17.375402254430245,RPG,simplified
A0260,26,22.6397507215805,22.6397507215805,Strategy,simplified
A0261,28,5.803467726309688,5.803467726309688,RPG,simplified
A0262,28,11.615956522184645,11.615956522184645,Action,simplified
A0263,34,0.9111808602572252,0.9111808602572252,RPG,simplified
A0264,16,5.368185130821098,5.368185130821098,Action,simplified
A0265,30,9.953711322748497,9.953711322748497,RPG,simplified
A0266,34,4.489644193604608,4.489644193604608,Casual,simplified
A0267,13,44.9670070026548,44.9670070026548,Casual,simplified
A0268,27,3.8802007719000144,3.8802007719000144,RPG,simplified
A0269,20,8.567400924938656,8.567400924938656,Strategy,simplified
A0270,24,13.52571193546478,13.52571193546478,Action,simplified
A0271,27,38.590982348095984,38.590982348095984,Casual,simplified
A0272,21,3.862483147302624,3.862483147302624,Strategy,simplified
A0273,19,30.89304265401085,30.89304265401085,Action,simplified
A0274,25,12.282634663059037,12.282634663059037,Casual,simplified
A0275,16,5.555525839355656,5.555525839355656,Casual,simplified
A0276,16,17.631424261832066,17.631424261832066,RPG,simplified
A0277,30,14.285538851448612,14.285538851448612,Action,simplified
A0278,15,7.537017134722943,7.537017134722943,Strategy,simplified
A0279,30,12.882137578785429,12.882137578785429,Strategy,simplified
A0280,28,8.950855573394831,8.950855573394831,Strategy,simplified
A0281,13,13.3406248030498,13.3406248030498,Action,simplified
A0282,19,20.691118280430747,20.691118280430747,Strategy,simplified
A0283,34,43.32862287162086,43.32862287162086,Strategy,simplified
A0284,17,4.525588395886408,4.525588395886408,Strategy,simplified
A0285,21,67.1162841762936,67.1162841762936,RPG,simplified
A0286,28,2.5557092047464045,2.5557092047464045,RPG,simplified
A0287,31,10.789483653684131,10.789483653684131,Action,simplified
A0288,22,19.504666900921755,19.504666900921755,Action,simplified
A0289,20,15.253263713993208,15.253263713993208,Strategy,simplified
A0290,36,7.402667321708243,7.402667321708243,RPG,simplified
A0291,38,10.314000042136945,10.314000042136945,Casual,simplified
A0292,32,8.21202260862174,8.21202260862174,Casual,simplified
A0293,25,7.60273609075232,7.60273609075232,Strategy,simplified
A0294,18,24.03910015035522,24.03910015035522,Strategy,simplified
A0295,18,16.20974150158753,16.20974150158753,RPG,simplified
A0296,29,6.998335421100447,6.998335421100447,RPG,simplified
A0297,28,25.02010997084372,25.02010997084372,RPG,simplified
A0298,36,15.577687729712466,15.577687729712466,Action,simplified
A0299,30,23.342825903145844,23.342825903145844,Action,simplified
A0300,13,20.160053027637897,20.160053027637897,Strategy,simplified
A0301,33,6.276446593402205,6.276446593402205,Action,simplified
A0302,17,7.782325242101865,7.782325242101865,RPG,simplified
A0303,21,22.149942135580933,22.149942135580933,RPG,simplified
A0304,27,19.851830357872384,19.851830357872384,Action,simplified
A0305,40,11.980480792701265,11.980480792701265,Casual,simplified
A0306,49,13.381349467097149,13.381349467097149,Strategy,simplified
A0307,29,33.85653087961212,33.85653087961212,Casual,simplified
A0308,23,7.589326778064291,7.589326778064291,Strategy,simplified
A0309,29,18.87197287775964,18.87197287775964,Casual,simplified
A0310,32,10.36304256974532,10.36304256974532,Action,simplified
A0311,22,10.235428019300835,10.235428019300835,Strategy,simplified
A0312,39,29.34204532967803,29.34204532967803,Strategy,simplified
A0313,26,23.578448111704716,23.578448111704716,Strategy,simplified
A0314,28,23.35492093987241,23.35492093987241,RPG,simplified
A0315,30,34.61832083139189,34.61832083139189,RPG,simplified
A0316,28,12.388926795753685,12.388926795753685,Casual,simplified
A0317,31,21.021850084975497,21.021850084975497,Action,simplified
A0318,20,9.504701726230053,9.504701726230053,RPG,simplified
A0319,20,15.789309261398104,15.789309261398104,Strategy,simplified
A0320,16,10.977915320185978,10.977915320185978,RPG,simplified
A0321,28,13.165460507193302,13.165460507193302,Action,simplified
A0322,31,19.611686143056797,19.611686143056797,RPG,simplified
A0323,28,6.33078001329224,6.33078001329224,Strategy,simplified
A0324,38,64.96897319987964,64.96897319987964,Casual,simplified
A0325,24,5.447659652023661,5.447659652023661,Strategy,simplified
A0326,30,4.61194238431805,4.61194238431805,Action,simplified
A0327,16,30.76841567706118,30.76841567706118,Casual,simplified
A0328,21,22.950280420047257,22.950280420047257,RPG,simplified
A0329,30,20.07139874376713,20.07139874376713,RPG,simplified
A0330,31,20.139366005216186,20.139366005216186,RPG,simplified
A0331,22,12.06371976204657,12.06371976204657,Casual,simplified
A0332,24,5.942895680030135,5.942895680030135,Strategy,simplified
A0333,13,12.944146089900013,12.944146089900013,Casual,simplified
A0334,22,7.087060317445732,7.087060317445732,Casual,simplified
A0335,32,26.57831842827131,26.57831842827131,Action,simplified
A0336,29,10.83036859216803,10.83036859216803,Casual,simplified
A0337,29,6.294034264149508,6.294034264149508,RPG,simplified
A0338,25,9.420529777698224,9.420529777698224,Strategy,simplified
A0339,25,16.951310787299658,16.951310787299658,Strategy,simplified
A0340,19,7.760295068448477,7.760295068448477,Strategy,simplified
A0341,30,6.310555348567376,6.310555348567376,RPG,simplified
A0342,28,14.804775078818382,14.804775078818382,RPG,simplified
A0343,28,14.81993534076319,14.81993534076319,RPG,simplified
A0344,20,8.120936334880877,8.120936334880877,RPG,simplified
A0345,13,8.357583710754112,8.357583710754112,RPG,simplified
A0346,33,14.667584896736471,14.667584896736471,Casual,simplified
A0347,21,3.8249007789648553,3.8249007789648553,RPG,simplified
A0348,18,3.951238130269476,3.951238130269476,RPG,simplified
A0349,30,6.8568257980421,6.8568257980421,RPG,simplified
A0350,21,10.270156666861816,10.270156666861816,RPG,simplified
A0351,33,15.62271668022387,15.62271668022387,Strategy,simplified
A0352,29,39.65769385661178,39.65769385661178,RPG,simplified
A0353,30,24.194557194815747,24.194557194815747,Casual,simplified
A0354,14,10.719335599134244,10.719335599134244,Casual,simplified
A0355,34,11.998564692522844,11.998564692522844,Casual,simplified
A0356,27,5.462882103592702,5.462882103592702,Action,simplified
A0357,22,12.003394577057914,12.003394577057914,Strategy,simplified
A0358,26,9.670433026480556,9.670433026480556,RPG,simplified
A0359,13,15.771032137625362,15.771032137625362,Action,simplified
A0360,28,6.285310506253551,6.285310506253551,RPG,simplified
A0361,16,18.45761848722649,18.45761848722649,Action,simplified
A0362,14,41.52065982216749,41.52065982216749,Action,simplified
A0363,13,11.167322516225417,11.167322516225417,Casual,simplified
A0364,33,16.79984025409448,16.79984025409448,Casual,simplified
A0365,19,21.160054727846,21.160054727846,Action,simplified
A0366,37,8.83767313953261,8.83767313953261,Casual,simplified
A0367,20,14.5745081488609,14.5745081488609,Action,simplified
A0368,13,12.305839682255922,12.305839682255922,Strategy,simplified
A0369,16,13.17262587355707,13.17262587355707,Casual,simplified
A0370,34,6.563947486160666,6.563947486160666,Casual,simplified
A0371,23,12.423727340430949,12.423727340430949,Casual,simplified
A0372,20,18.145065182968988,18.145065182968988,Strategy,simplified
A0373,26,38.89691284779911,38.89691284779911,Action,simplified
A0374,29,26.24345595139321,26.24345595139321,RPG,simplified
A0375,33,68.20691590973503,68.20691590973503,Casual,simplified
A0376,36,6.593748147243684,6.593748147243684,Action,simplified
A0377,22,24.480001266409605,24.480001266409605,Strategy,simplified
A0378,14,14.107034936005004,14.107034936005004,RPG,simplified
A0379,21,70.23468986338173,70.23468986338173,Casual,simplified
A0380,27,6.381233209581627,6.381233209581627,Strategy,simplified
A0381,17,6.22281593054116,6.22281593054116,Strategy,simplified
A0382,17,7.541988572435245,7.541988572435245,RPG,simplified
A0383,27,2.227507885785685,2.227507885785685,Action,simplified
A0384,24,7.9996355361068145,7.9996355361068145,Casual,simplified
A0385,25,6.637224444524377,6.637224444524377,Casual,simplified
A0386,18,13.74005142049034,13.74005142049034,Action,simplified
A0387,23,16.013062263170912,16.013062263170912,Action,simplified
A0388,17,54.64931451569542,54.64931451569542,Action,simplified
A0389,32,26.058371270986044,26.058371270986044,RPG,simplified
A0390,33,7.678905895365934,7.678905895365934,RPG,simplified
A0391,13,5.937381806692197,5.937381806692197,Casual,simplified
A0392,17,18.057034596729817,18.057034596729817,RPG,simplified
A0393,13,4.23682189186903,4.23682189186903,Strategy,simplified
A0394,19,52.729075078622415,52.729075078622415,Casual,simplified
A0395,24,31.29793423783976,31.29793423783976,RPG,simplified
A0396,13,8.370046820361265,8.370046820361265,Action,simplified
A0397,17,3.094085471620008,3.094085471620008,Strategy,simplified
A0398,16,35.98484578202713,35.98484578202713,Action,simplified
A0399,26,11.115806715757005,11.115806715757005,Casual,simplified
A0400,25,32.79424522628621,32.79424522628621,Action,simplified
A0401,19,3.402321092478778,3.402321092478778,RPG,simplified
A0402,26,7.542094900080809,7.542094900080809,RPG,simplified
A0403,20,12.233706374729028,12.233706374729028,Casual,simplified
A0404,22,12.64907987041964,12.64907987041964,Action,simplified
A0405,38,8.498992463941027,8.498992463941027,Casual,simplified
A0406,35,20.051018407978024,20.051018407978024,Action,simplified
A0407,14,5.1856938762268925,5.1856938762268925,Strategy,simplified
A0408,31,10.870975200680226,10.870975200680226,RPG,simplified
A0409,31,13.413162559162084,13.413162559162084,Casual,simplified
A0410,15,18.385293288937188,18.385293288937188,Strategy,simplified
A0411,31,21.526654306253945,21.526654306253945,Strategy,simplified
A0412,37,4.954450812032022,4.954450812032022,Casual,simplified
A0413,16,3.570510787940973,3.570510787940973,Casual,simplified
A0414,17,33.85685390252455,33.85685390252455,Strategy,simplified
A0415,33,15.89256213590672,15.89256213590672,Action,simplified
A0416,27,6.693994430364193,6.693994430364193,Strategy,simplified
A0417,29,42.13680473099575,42.13680473099575,Casual,simplified
A0418,27,13.3636683489225,13.3636683489225,Strategy,simplified
A0419,28,31.29435554476993,31.29435554476993,Action,simplified
A0420,14,12.858624906380594,12.858624906380594,RPG,simplified
A0421,33,63.34514967500973,63.34514967500973,RPG,simplified
A0422,34,49.61398124524073,49.61398124524073,Strategy,simplified
A0423,23,9.982451298111746,9.982451298111746,Action,simplified
A0424,24,26.502968902236308,26.502968902236308,RPG,simplified
A0425,13,20.415629504118957,20.415629504118957,Strategy,simplified
A0426,29,36.412249619055466,36.412249619055466,Strategy,simplified
A0427,29,5.629728580776404,5.629728580776404,Action,simplified
A0428,24,21.09088945804081,21.09088945804081,Casual,simplified
A0429,33,28.409954362598285,28.409954362598285,Strategy,simplified
A0430,22,2.983235383882499,2.983235383882499,Casual,simplified
A0431,29,4.727484249494403,4.727484249494403,Casual,simplified
A0432,16,2.383605501119726,2.383605501119726,RPG,simplified
A0433,24,9.820524500972452,9.820524500972452,Casual,simplified
A0434,23,21.628973998185643,21.628973998185643,Action,simplified
A0435,26,40.523645436221145,40.523645436221145,RPG,simplified
A0436,22,12.926452902596113,12.926452902596113,RPG,simplified
A0437,23,44.830666998688486,44.830666998688486,RPG,simplified
A0438,31,4.038683745946276,4.038683745946276,Strategy,simplified
A0439,21,3.118318918739637,3.118318918739637,Strategy,simplified
A0440,13,11.652978829915998,11.652978829915998,Casual,simplified
A0441,38,16.564342770152564,16.564342770152564,RPG,simplified
A0442,36,11.867982187286476,11.867982187286476,RPG,simplified
A0443,14,2.330414899005624,2.330414899005624,Action,simplified
A0444,30,11.344170145394342,11.344170145394342,Casual,simplified
A0445,20,4.290590630609201,4.290590630609201,Action,simplified
A0446,27,20.816335500293107,20.816335500293107,Casual,simplified
A0447,27,16.334486302129783,16.334486302129783,Casual,simplified
A0448,23,5.743657318542383,5.743657318542383,Strategy,simplified
A0449,18,8.076078868017214,8.076078868017214,Strategy,simplified
A0450,19,5.220687940029779,5.220687940029779,Action,simplified
A0451,17,11.586686485125204,11.586686485125204,Casual,simplified
A0452,18,26.15692192898388,26.15692192898388,RPG,simplified
A0453,24,5.536813545166841,5.536813545166841,Strategy,simplified
A0454,19,18.233074269673235,18.233074269673235,RPG,simplified
A0455,30,7.970872065330948,7.970872065330948,Action,simplified
A0456,36,6.460467826854631,6.460467826854631,Strategy,simplified
A0457,20,11.182786898673989,11.182786898673989,Strategy,simplified
A0458,26,5.321770996654014,5.321770996654014,Casual,simplified
A0459,28,7.823097342345684,7.823097342345684,Action,simplified
A0460,28,4.672516006056228,4.672516006056228,Casual,simplified
A0461,25,58.66129304394919,58.66129304394919,Strategy,simplified
A0462,30,12.531066005891,12.531066005891,Action,simplified
A0463,28,6.960279235648164,6.960279235648164,Strategy,simplified
A0464,15,14.457075209283952,14.457075209283952,Action,simplified
A0465,31,11.135492840862064,11.135492840862064,Strategy,simplified
A0466,32,10.208536891332688,10.208536891332688,RPG,simplified
A0467,18,19.912214950591867,19.912214950591867,RPG,simplified
A0468,25,22.331677094784364,22.331677094784364,Casual,simplified
A0469,30,7.969319304272179,7.969319304272179,RPG,simplified
A0470,23,7.685576630976244,7.685576630976244,Strategy,simplified
A0471,33,9.776276076666338,9.776276076666338,Strategy,simplified
A0472,43,1.9318209745328256,1.9318209745328256,RPG,simplified
A0473,18,3.624974124604986,3.624974124604986,Casual,simplified
A0474,13,36.361096075861305,36.361096075861305,RPG,simplified
A0475,27,45.42098263252375,45.42098263252375,Action,simplified
A0476,30,9.98187719527868,9.98187719527868,Action,simplified
A0477,23,19.32202371485764,19.32202371485764,Action,simplified
A0478,36,15.626999003054696,15.626999003054696,RPG,simplified
A0479,14,143.0371871945451,143.0371871945451,RPG,simplified
A0480,30,29.83433552745937,29.83433552745937,RPG,simplified
A0481,20,10.99747748346275,10.99747748346275,Action,simplified
A0482,38,5.672146670116243,5.672146670116243,Casual,simplified
A0483,40,3.369764780287324,3.369764780287324,Strategy,simplified
A0484,18,14.335957744146096,14.335957744146096,RPG,simplified
A0485,20,6.65201225593465,6.65201225593465,Casual,simplified
A0486,31,3.904762774668882,3.904762774668882,Strategy,simplified
A0487,21,7.262627606354026,7.262627606354026,Strategy,simplified
A0488,24,5.128235265165957,5.128235265165957,Strategy,simplified
A0489,25,46.97959263007205,46.97959263007205,Casual,simplified
A0490,13,24.66318893709693,24.66318893709693,Casual,simplified
A0491,24,12.105039904884435,12.105039904884435,Action,simplified
A0492,19,39.803518428611,39.803518428611,Casual,simplified
A0493,21,12.960349344022095,12.960349344022095,Casual,simplified
A0494,36,6.116393582587981,6.116393582587981,Casual,simplified
A0495,14,41.20251350162999,41.20251350162999,Strategy,simplified
A0496,31,18.74876783794974,18.74876783794974,RPG,simplified
A0497,22,5.313246683375657,5.313246683375657,Action,simplified
A0498,22,10.461784616678171,10.461784616678171,RPG,simplified
A0499,31,6.046656032241986,6.046656032241986,RPG,simplified
A0500,27,4.029975172334335,4.029975172334335,Casual,simplified
A0501,29,25.557786817491188,25.557786817491188,Action,simplified
A0502,32,56.12230417410139,56.12230417410139,RPG,simplified
A0503,22,3.979459240899955,3.979459240899955,RPG,simplified
A0504,20,19.11312724617665,19.11312724617665,Action,simplified
A0505,16,7.239020771555116,7.239020771555116,Casual,simplified
A0506,18,8.250713595153561,8.250713595153561,RPG,simplified
A0507,48,7.584334428829874,7.584334428829874,Strategy,simplified
A0508,34,6.103164360237353,6.103164360237353,RPG,simplified
A0509,14,12.664683618348452,12.664683618348452,Strategy,simplified
A0510,14,6.266637374476283,6.266637374476283,Casual,simplified
A0511,28,15.125248909740971,15.125248909740971,RPG,simplified
A0512,29,11.702582131342467,11.702582131342467,Action,simplified
A0513,29,10.062760820987236,10.062760820987236,Action,simplified
A0514,22,5.894083613178952,5.894083613178952,RPG,simplified
A0515,23,7.679718827949694,7.679718827949694,Casual,simplified
A0516,27,22.29389737411381,22.29389737411381,Casual,simplified
A0517,25,18.187485543994985,18.187485543994985,Action,simplified
A0518,13,5.573124254617722,5.573124254617722,RPG,simplified
A0519,23,13.190090716042691,13.190090716042691,Casual,simplified
A0520,18,22.222597991746223,22.222597991746223,Action,simplified
A0521,26,3.204242699044926,3.204242699044926,Strategy,simplified
A0522,48,18.81563463799164,18.81563463799164,RPG,simplified
A0523,27,7.16996657519987,7.16996657519987,Strategy,simplified
A0524,22,19.23014182703894,19.23014182703894,Strategy,simplified
A0525,32,6.615349791919759,6.615349791919759,Casual,simplified
A0526,28,2.875119732497955,2.875119732497955,Casual,simplified
A0527,28,3.3133708328353317,3.3133708328353317,Casual,simplified
A0528,29,12.660260046832288,12.660260046832288,RPG,simplified
A0529,41,14.995917559769396,14.995917559769396,Strategy,simplified
A0530,15,5.909414161863921,5.909414161863921,RPG,simplified
A0531,28,20.30513819393753,20.30513819393753,Casual,simplified
A0532,17,3.2245195105945004,3.2245195105945004,Strategy,simplified
A0533,29,11.555207036901072,11.555207036901072,RPG,simplified
A0534,17,4.623662038734631,4.623662038734631,RPG,simplified
A0535,21,7.232112029381551,7.232112029381551,Action,simplified
A0536,22,12.653311215066784,12.653311215066784,RPG,simplified
A0537,32,6.12065616801512,6.12065616801512,Casual,simplified
A0538,32,8.956285395365141,8.956285395365141,RPG,simplified
A0539,15,27.249474795709,27.249474795709,Strategy,simplified
A0540,25,7.67897829943064,7.67897829943064,RPG,simplified
A0541,19,23.77307623385663,23.77307623385663,Action,simplified
A0542,14,4.934416931569426,4.934416931569426,Strategy,simplified
A0543,23,18.61268508961536,18.61268508961536,Strategy,simplified
A0544,22,38.600101134276144,38.600101134276144,Action,simplified
A0545,44,1.686548950324883,1.686548950324883,Casual,simplified
A0546,28,6.439711851913943,6.439711851913943,Strategy,simplified
A0547,13,19.329988566776024,19.329988566776024,Casual,simplified
A0548,20,10.355975448814617,10.355975448814617,Strategy,simplified
A0549,33,16.394021057552543,16.394021057552543,Strategy,simplified
A0550,41,7.514329897957185,7.514329897957185,Casual,simplified
A0551,13,13.056313762383876,13.056313762383876,Strategy,simplified
A0552,13,10.75594055476092,10.75594055476092,Casual,simplified
A0553,39,31.007392671460853,31.007392671460853,Action,simplified
A0554,28,14.932449662875914,14.932449662875914,Casual,simplified
A0555,18,15.959944740806106,15.959944740806106,Action,simplified
A0556,29,8.762650494963147,8.762650494963147,Strategy,simplified
A0557,13,8.247540384983918,8.247540384983918,Casual,simplified
A0558,25,8.618865381571554,8.618865381571554,Strategy,simplified
A0559,27,16.702555203275814,16.702555203275814,Casual,simplified
A0560,32,8.699037743463021,8.699037743463021,Action,simplified
A0561,16,15.36081652547336,15.36081652547336,Action,simplified
A0562,25,64.09206971743876,64.09206971743876,Casual,simplified
A0563,17,24.456591308151552,24.456591308151552,Action,simplified
A0564,27,9.38564293419439,9.38564293419439,Strategy,simplified
A0565,17,31.847890189340752,31.847890189340752,Strategy,simplified
A0566,21,8.789340685822992,8.789340685822992,RPG,simplified
A0567,17,2.3857185835593504,2.3857185835593504,Action,simplified
A0568,30,5.438650451191277,5.438650451191277,Strategy,simplified
A0569,31,2.727448244689947,2.727448244689947,Casual,simplified
A0570,23,9.196189493496233,9.196189493496233,Action,simplified
A0571,25,12.363328394408304,12.363328394408304,Strategy,simplified
A0572,13,46.57900251693699,46.57900251693699,Action,simplified
A0573,22,15.824223501826909,15.824223501826909,Casual,simplified
A0574,24,10.223812691060283,10.223812691060283,Strategy,simplified
A0575,45,23.653816235575835,23.653816235575835,RPG,simplified
A0576,16,2.077347319844213,2.077347319844213,RPG,simplified
A0577,36,14.7094720951321,14.7094720951321,Action,simplified
A0578,32,22.57159269199544,22.57159269199544,Casual,simplified
A0579,27,3.732696905560536,3.732696905560536,Strategy,simplified
A0580,39,30.417047813340865,30.417047813340865,Casual,simplified
A0581,27,15.971360123300496,15.971360123300496,Strategy,simplified
A0582,28,8.738771934598514,8.738771934598514,Action,simplified
A0583,24,20.21096932454349,20.21096932454349,Strategy,simplified
A0584,34,74.92999564411673,74.92999564411673,Casual,simplified
A0585,33,14.090389990336242,14.090389990336242,Casual,simplified
A0586,19,14.858565035383306,14.858565035383306,Action,simplified
A0587,14,8.43602545778818,8.43602545778818,Casual,simplified
A0588,23,6.172626921428644,6.172626921428644,Strategy,simplified
A0589,18,23.67142568015767,23.67142568015767,Action,simplified
A0590,24,6.141892621914396,6.141892621914396,Strategy,simplified
A0591,34,12.900331255714791,12.900331255714791,Casual,simplified
A0592,21,8.313444657959673,8.313444657959673,Action,simplified
A0593,24,17.87108172931761,17.87108172931761,Strategy,simplified
A0594,25,15.909711106931509,15.909711106931509,Casual,simplified
A0595,31,27.939234498562264,27.939234498562264,Casual,simplified
A0596,13,8.100994896921247,8.100994896921247,RPG,simplified
A0597,20,9.816847592797195,9.816847592797195,Casual,simplified
A0598,26,5.567738891098938,5.567738891098938,Strategy,simplified
A0599,34,8.538329603927227,8.538329603927227,Action,simplified
A0600,21,16.47493927404136,16.47493927404136,RPG,simplified
A0601,13,22.322405239113696,22.322405239113696,Casual,simplified
A0602,29,5.825633451966279,5.825633451966279,Casual,simplified
A0603,19,24.426893942878003,24.426893942878003,Casual,simplified
A0604,15,36.03570624490611,36.03570624490611,Strategy,simplified
A0605,20,16.958139458029684,16.958139458029684,RPG,simplified
A0606,23,54.67664483920813,54.67664483920813,Strategy,simplified
A0607,20,6.559855929295167,6.559855929295167,RPG,simplified
A0608,13,4.500894871551104,4.500894871551104,Action,simplified
A0609,32,2.935928627072505,2.935928627072505,Strategy,simplified
A0610,35,40.31950912425447,40.31950912425447,Strategy,simplified
A0611,30,20.562983153643,20.562983153643,Action,simplified
A0612,15,11.652634167737537,11.652634167737537,RPG,simplified
A0613,23,15.24078260624526,15.24078260624526,Casual,simplified
A0614,24,4.951094989717969,4.951094989717969,Action,simplified
A0615,29,86.19408740203933,86.19408740203933,Casual,simplified
A0616,30,13.509281200767614,13.509281200767614,Casual,simplified
A0617,19,13.296699355693692,13.296699355693692,Action,simplified
A0618,25,21.77175089811033,21.77175089811033,RPG,simplified
A0619,28,17.900119438912117,17.900119438912117,Casual,simplified
A0620,36,14.57207781872405,14.57207781872405,Action,simplified
A0621,30,6.472875435306843,6.472875435306843,Strategy,simplified
A0622,31,17.764013292432075,17.764013292432075,Strategy,simplified
A0623,25,54.90583336157133,54.90583336157133,Strategy,simplified
A0624,36,35.74234201859923,35.74234201859923,Action,simplified
A0625,28,43.57786340320519,43.57786340320519,Strategy,simplified
A0626,18,8.09322635095297,8.09322635095297,Casual,simplified
A0627,36,5.519659335455224,5.519659335455224,Strategy,simplified
A0628,30,11.016239077267386,11.016239077267386,Strategy,simplified
A0629,21,12.737876160260123,12.737876160260123,Casual,simplified
A0630,21,29.23460805334205,29.23460805334205,Strategy,simplified
A0631,27,3.1456743794011413,3.1456743794011413,Casual,simplified
A0632,28,41.41488078785047,41.41488078785047,Strategy,simplified
A0633,26,10.73590445976784,10.73590445976784,Casual,simplified
A0634,27,8.658098658664965,8.658098658664965,Strategy,simplified
A0635,38,5.421196241115472,5.421196241115472,Casual,simplified
A0636,33,3.241754392770442,3.241754392770442,Action,simplified
A0637,26,23.536124819045728,23.536124819045728,Casual,simplified
A0638,32,12.918422246462995,12.918422246462995,Strategy,simplified
A0639,16,4.340681138736487,4.340681138736487,Strategy,simplified
A0640,28,4.322945429661226,4.322945429661226,RPG,simplified
A0641,39,9.312636493029698,9.312636493029698,Casual,simplified
A0642,23,46.30348462927425,46.30348462927425,Action,simplified
A0643,18,9.897942615317865,9.897942615317865,Casual,simplified
A0644,19,3.660082314663228,3.660082314663228,Casual,simplified
A0645,16,10.00820792403074,10.00820792403074,Action,simplified
A0646,18,9.79450137672036,9.79450137672036,Casual,simplified
A0647,22,1.4084512347887854,1.4084512347887854,Action,simplified
A0648,13,11.664664068145864,11.664664068145864,Action,simplified
A0649,25,10.127478527072894,10.127478527072894,Casual,simplified
A0650,32,21.262928106222407,21.262928106222407,Casual,simplified
A0651,17,53.4723595225156,53.4723595225156,Strategy,simplified
A0652,37,30.00163930406852,30.00163930406852,Strategy,simplified
A0653,29,9.824596100595215,9.824596100595215,RPG,simplified
A0654,33,5.026778255355929,5.026778255355929,RPG,simplified
A0655,19,95.4581415094648,95.4581415094648,Casual,simplified
A0656,31,12.773525992124972,12.773525992124972,Action,simplified
A0657,16,12.31900797717744,12.31900797717744,RPG,simplified
A0658,32,11.949625396488583,11.949625396488583,Casual,simplified
A0659,26,14.274401220164371,14.274401220164371,RPG,simplified
A0660,29,10.853761158400184,10.853761158400184,Action,simplified
A0661,15,7.698845591943413,7.698845591943413,Casual,simplified
A0662,17,7.865710324136785,7.865710324136785,Action,simplified
A0663,29,11.867426568692704,11.867426568692704,Casual,simplified
A0664,17,7.887349785772769,7.887349785772769,RPG,simplified
A0665,28,6.887604686520068,6.887604686520068,Strategy,simplified
A0666,14,13.265201557420282,13.265201557420282,RPG,simplified
A0667,31,9.934546478193186,9.934546478193186,RPG,simplified
A0668,15,40.576715444424565,40.576715444424565,Strategy,simplified
A0669,29,1.4611505207286062,1.4611505207286062,Strategy,simplified
A0670,30,29.17188729174478,29.17188729174478,Casual,simplified
A0671,19,33.01190169924653,33.01190169924653,Casual,simplified
A0672,29,2.319351948404829,2.319351948404829,Action,simplified
A0673,27,9.261350911009286,9.261350911009286,Action,simplified
A0674,20,9.05074710373446,9.05074710373446,RPG,simplified
A0675,16,3.951086657429246,3.951086657429246,Strategy,simplified
A0676,13,6.538754147037523,6.538754147037523,Action,simplified
A0677,27,5.010518103525824,5.010518103525824,RPG,simplified
A0678,13,49.492263020348645,49.492263020348645,Strategy,simplified
A0679,25,25.75278340118436,25.75278340118436,Casual,simplified
A0680,22,33.69144932702837,33.69144932702837,RPG,simplified
A0681,30,21.70055098492829,21.70055098492829,Casual,simplified
A0682,22,4.937003573152529,4.937003573152529,Action,simplified
A0683,22,8.007541514791217,8.007541514791217,Action,simplified
A0684,30,18.020313493101494,18.020313493101494,Strategy,simplified
A0685,27,4.582743117947916,4.582743117947916,RPG,simplified
A0686,27,21.55049409518889,21.55049409518889,Casual,simplified
A0687,28,10.051678962261366,10.051678962261366,Strategy,simplified
A0688,13,9.026307363599283,9.026307363599283,Action,simplified
A0689,31,21.515378845312437,21.515378845312437,Action,simplified
A0690,29,17.381573471352155,17.381573471352155,RPG,simplified
A0691,16,9.12690885649892,9.12690885649892,Casual,simplified
A0692,23,30.798433943340783,30.798433943340783,RPG,simplified
A0693,24,5.130224076816543,5.130224076816543,Casual,simplified
A0694,23,19.94041318145383,19.94041318145383,Casual,simplified
A0695,27,19.579458997826645,19.579458997826645,RPG,simplified
A0696,36,9.51018042535076,9.51018042535076,Strategy,simplified
A0697,33,15.814170699529656,15.814170699529656,RPG,simplified
A0698,14,4.477698285727402,4.477698285727402,RPG,simplified
A0699,29,25.51385442389508,25.51385442389508,Action,simplified
A0700,35,10.50738444911645,10.50738444911645,Action,simplified
A0701,28,8.019063011624015,8.019063011624015,RPG,simplified
A0702,33,28.196768542019186,28.196768542019186,RPG,simplified
A0703,41,6.934611607872335,6.934611607872335,Action,simplified
A0704,33,3.948086230543788,3.948086230543788,Casual,simplified
A0705,26,3.506774472162008,3.506774472162008,RPG,simplified
A0706,33,19.7827028226106,19.7827028226106,Strategy,simplified
A0707,26,4.373906378805439,4.373906378805439,Strategy,simplified
A0708,25,49.59228838763554,49.59228838763554,Strategy,simplified
A0709,22,2.3035616616024632,2.3035616616024632,RPG,simplified
A0710,37,47.33098214147768,47.33098214147768,Casual,simplified
A0711,18,14.422853162502552,14.422853162502552,Casual,simplified
A0712,37,11.275469332938943,11.275469332938943,Action,simplified
A0713,28,7.877926467123683,7.877926467123683,RPG,simplified
A0714,13,16.7652600533784,16.7652600533784,Casual,simplified
A0715,27,11.82117291048193,11.82117291048193,RPG,simplified
A0716,13,29.44845672837258,29.44845672837258,Action,simplified
A0717,30,13.348207670340118,13.348207670340118,Action,simplified
A0718,32,13.739039914981223,13.739039914981223,Action,simplified
A0719,20,9.107609111493892,9.107609111493892,Strategy,simplified
A0720,25,11.63995412358951,11.63995412358951,RPG,simplified
A0721,40,15.583948077525184,15.583948077525184,Action,simplified
A0722,20,3.101436173162791,3.101436173162791,RPG,simplified
A0723,16,4.1431305033245085,4.1431305033245085,Strategy,simplified
A0724,36,22.07865434911541,22.07865434911541,Strategy,simplified
A0725,40,13.966929413456535,13.966929413456535,Action,simplified
A0726,25,10.515110636922024,10.515110636922024,Action,simplified
A0727,33,12.363482233505287,12.363482233505287,Casual,simplified
A0728,35,16.087866660296417,16.087866660296417,RPG,simplified
A0729,19,7.910510005566885,7.910510005566885,Action,simplified
A0730,21,6.536201717931953,6.536201717931953,Casual,simplified
A0731,34,14.248850033832944,14.248850033832944,RPG,simplified
A0732,38,5.569480476736025,5.569480476736025,Action,simplified
A0733,29,16.887981322313955,16.887981322313955,Casual,simplified
A0734,17,3.1203123737759664,3.1203123737759664,Casual,simplified
A0735,40,27.752460692381764,27.752460692381764,RPG,simplified
A0736,20,17.780066779043743,17.780066779043743,Casual,simplified
A0737,22,14.951681784423542,14.951681784423542,RPG,simplified
A0738,27,26.7397918428153,26.7397918428153,RPG,simplified
A0739,37,46.1722771167444,46.1722771167444,RPG,simplified
A0740,31,27.42612570562691,27.42612570562691,Strategy,simplified
A0741,28,2.79351487547632,2.79351487547632,Casual,simplified
A0742,28,4.376890000380771,4.376890000380771,RPG,simplified
A0743,25,7.390128608427006,7.390128608427006,Action,simplified
A0744,29,12.439449577726355,12.439449577726355,Strategy,simplified
A0745,13,18.43271760604581,18.43271760604581,Strategy,simplified
A0746,22,6.816900861748263,6.816900861748263,Casual,simplified
A0747,26,14.145738484860736,14.145738484860736,RPG,simplified
A0748,15,6.657164573051586,6.657164573051586,Casual,simplified
A0749,28,7.469184010279812,7.469184010279812,Strategy,simplified
A0750,23,3.953776201128247,3.953776201128247,RPG,simplified
A0751,39,5.820658520013578,5.820658520013578,Action,simplified
A0752,37,4.131548662530646,4.131548662530646,RPG,simplified
A0753,21,5.5806284618234265,5.5806284618234265,Strategy,simplified
A0754,23,28.301461241352897,28.301461241352897,Action,simplified
A0755,24,5.700083870952504,5.700083870952504,RPG,simplified
A0756,21,100.07357364031688,100.07357364031688,Action,simplified
A0757,26,18.07725142953524,18.07725142953524,Action,simplified
A0758,18,14.123907076952632,14.123907076952632,Strategy,simplified
A0759,15,6.130729672233441,6.130729672233441,Action,simplified
A0760,29,21.332844994082805,21.332844994082805,Casual,simplified
A0761,30,7.686685982031171,7.686685982031171,Strategy,simplified
A0762,18,13.431569268738569,13.431569268738569,Casual,simplified
A0763,32,94.44972011366166,94.44972011366166,Action,simplified
A0764,19,11.28136309156849,11.28136309156849,Casual,simplified
A0765,27,30.551648993306248,30.551648993306248,RPG,simplified
A0766,31,6.941090258170771,6.941090258170771,Action,simplified
A0767,24,11.84622448083767,11.84622448083767,RPG,simplified
A0768,28,50.2314090087562,50.2314090087562,Casual,simplified
A0769,20,7.3774374828490865,7.3774374828490865,RPG,simplified
A0770,23,51.933229551370005,51.933229551370005,Action,simplified
A0771,23,21.46023200878697,21.46023200878697,RPG,simplified
A0772,19,7.768107574304786,7.768107574304786,Casual,simplified
A0773,23,20.204921053440195,20.204921053440195,Casual,simplified
A0774,13,26.523829615537156,26.523829615537156,Casual,simplified
A0775,21,20.034343377372217,20.034343377372217,Action,simplified
A0776,22,3.468839930504121,3.468839930504121,Casual,simplified
A0777,22,6.80930636313465,6.80930636313465,Action,simplified
A0778,23,9.994001785296168,9.994001785296168,RPG,simplified
A0779,24,11.478242154308225,11.478242154308225,Casual,simplified
A0780,28,20.01611457823674,20.01611457823674,RPG,simplified
A0781,31,14.043516086370506,14.043516086370506,Strategy,simplified
A0782,19,4.185911630320741,4.185911630320741,RPG,simplified
A0783,15,16.513170602033153,16.513170602033153,Strategy,simplified
A0784,16,19.85525278839772,19.85525278839772,RPG,simplified
A0785,21,19.064583720942824,19.064583720942824,Action,simplified
A0786,22,28.922637137018032,28.922637137018032,RPG,simplified
A0787,18,23.739438186671286,23.739438186671286,Action,simplified
A0788,14,17.59023754810344,17.59023754810344,Action,simplified
A0789,21,11.517497846286988,11.517497846286988,Casual,simplified
A0790,26,3.2259621704818007,3.2259621704818007,Action,simplified
A0791,29,17.179117979966502,17.179117979966502,Strategy,simplified
A0792,20,14.38448434622002,14.38448434622002,Casual,simplified
A0793,21,15.138831566338936,15.138831566338936,Casual,simplified
A0794,17,4.386804858119761,4.386804858119761,RPG,simplified
A0795,24,5.13025193274332,5.13025193274332,Action,simplified
A0796,18,28.290393158843973,28.290393158843973,Action,simplified
A0797,29,11.80302526396782,11.80302526396782,Strategy,simplified
A0798,13,21.014245353153004,21.014245353153004,RPG,simplified
A0799,22,12.46163470403553,12.46163470403553,RPG,simplified
A0800,27,12.475976455951782,12.475976455951782,Casual,simplified
A0801,26,25.80651668648249,25.80651668648249,Casual,simplified
A0802,46,8.06202058014461,8.06202058014461,Casual,simplified
A0803,27,13.156245930379551,13.156245930379551,Strategy,simplified
A0804,16,8.416379679913984,8.416379679913984,Strategy,simplified
A0805,24,8.605512773379017,8.605512773379017,Casual,simplified
A0806,13,9.513028700771605,9.513028700771605,RPG,simplified
A0807,24,14.551688242617946,14.551688242617946,Strategy,simplified
A0808,18,8.306190686857047,8.306190686857047,RPG,simplified
A0809,32,33.26829696654305,33.26829696654305,RPG,simplified
A0810,20,5.955494019999564,5.955494019999564,Action,simplified
A0811,24,10.490841984925153,10.490841984925153,Casual,simplified
A0812,19,8.569549407853225,8.569549407853225,Action,simplified
A0813,38,38.767501578877,38.767501578877,Casual,simplified
A0814,22,14.256940221058052,14.256940221058052,Casual,simplified
A0815,39,27.81222386909325,27.81222386909325,RPG,simplified
A0816,31,3.71192905190972,3.71192905190972,Casual,simplified
A0817,28,15.084084972925924,15.084084972925924,RPG,simplified
A0818,27,24.821361581192804,24.821361581192804,RPG,simplified
A0819,28,13.011416851781386,13.011416851781386,Casual,simplified
A0820,13,28.570773794918864,28.570773794918864,RPG,simplified
A0821,22,8.054003040308576,8.054003040308576,RPG,simplified
A0822,31,37.61782292872335,37.61782292872335,RPG,simplified
A0823,24,76.63995135145689,76.63995135145689,Strategy,simplified
A0824,13,9.113247750609398,9.113247750609398,RPG,simplified
A0825,24,8.53007354065254,8.53007354065254,Strategy,simplified
A0826,38,38.96670570677573,38.96670570677573,Strategy,simplified
A0827,34,43.10580680050257,43.10580680050257,RPG,simplified
A0828,24,8.01818412792374,8.01818412792374,RPG,simplified
A0829,32,8.704590640488552,8.704590640488552,Strategy,simplified
A0830,22,9.723759396771545,9.723759396771545,Strategy,simplified
A0831,13,4.155528395300186,4.155528395300186,RPG,simplified
A0832,17,5.842030605424881,5.842030605424881,RPG,simplified
A0833,37,5.455844321029077,5.455844321029077,Casual,simplified
A0834,22,6.59137481344868,6.59137481344868,Strategy,simplified
A0835,23,11.849102070758644,11.849102070758644,Strategy,simplified
A0836,22,14.69300875902015,14.69300875902015,Casual,simplified
A0837,40,42.11484933318041,42.11484933318041,Strategy,simplified
A0838,38,5.481160054908777,5.481160054908777,Action,simplified
A0839,42,26.77471357456262,26.77471357456262,Strategy,simplified
A0840,23,10.2657070174837,10.2657070174837,Casual,simplified
A0841,27,11.70983435933881,11.70983435933881,Action,simplified
A0842,13,20.90222460492217,20.90222460492217,RPG,simplified
A0843,36,4.962066974950495,4.962066974950495,Casual,simplified
A0844,15,16.542416792148288,16.542416792148288,Casual,simplified
A0845,26,13.91770494358448,13.91770494358448,RPG,simplified
A0846,16,18.06472264308312,18.06472264308312,Casual,simplified
A0847,20,15.353368790390292,15.353368790390292,Strategy,simplified
A0848,18,86.85500437530585,86.85500437530585,RPG,simplified
A0849,20,7.314129406808822,7.314129406808822,Casual,simplified
A0850,20,7.966158933156068,7.966158933156068,RPG,simplified
A0851,20,7.400056082222989,7.400056082222989,RPG,simplified
A0852,31,7.811666369551777,7.811666369551777,RPG,simplified
A0853,16,7.316194371335015,7.316194371335015,Action,simplified
A0854,26,31.538632560939245,31.538632560939245,Casual,simplified
A0855,34,37.95508163837605,37.95508163837605,Action,simplified
A0856,20,7.7168246526522335,7.7168246526522335,Casual,simplified
A0857,19,6.259595344172203,6.259595344172203,Strategy,simplified
A0858,23,17.763262945705662,17.763262945705662,Strategy,simplified
A0859,34,7.832028660058251,7.832028660058251,Strategy,simplified
A0860,26,20.213394004520623,20.213394004520623,Casual,simplified
A0861,20,14.32975889749925,14.32975889749925,RPG,simplified
A0862,28,3.6233706376885104,3.6233706376885104,RPG,simplified
A0863,16,42.01405314734703,42.01405314734703,Action,simplified
A0864,30,51.24930917812336,51.24930917812336,Action,simplified
A0865,28,7.461593875386734,7.461593875386734,Strategy,simplified
A0866,22,8.93377244606758,8.93377244606758,Action,simplified
A0867,18,15.312849500699135,15.312849500699135,Casual,simplified
A0868,17,15.919828885967862,15.919828885967862,Casual,simplified
A0869,29,20.631838030341616,20.631838030341616,Action,simplified
A0870,34,60.834899608563866,60.834899608563866,Action,simplified
A0871,19,10.57446590272875,10.57446590272875,Action,simplified
A0872,28,6.43249317637851,6.43249317637851,Action,simplified
A0873,13,4.041211881213916,4.041211881213916,Strategy,simplified
A0874,20,6.788676258822524,6.788676258822524,Strategy,simplified
A0875,24,11.863879187905416,11.863879187905416,Action,simplified
A0876,17,51.19522627151855,51.19522627151855,Casual,simplified
A0877,17,8.051923127870756,8.051923127870756,Strategy,simplified
A0878,19,14.570957879371036,14.570957879371036,Casual,simplified
A0879,27,12.023483348130254,12.023483348130254,RPG,simplified
A0880,23,31.522911125216847,31.522911125216847,Casual,simplified
A0881,13,91.97768016369822,91.97768016369822,Action,simplified
A0882,13,7.966975870108893,7.966975870108893,RPG,simplified
A0883,20,8.23545361569316,8.23545361569316,Strategy,simplified
A0884,28,28.087614151871225,28.087614151871225,Strategy,simplified
A0885,13,21.02081614366597,21.02081614366597,RPG,simplified
A0886,21,53.37624840461147,53.37624840461147,Casual,simplified
A0887,20,19.43630187679816,19.43630187679816,Strategy,simplified
A0888,36,9.139140349434426,9.139140349434426,Action,simplified
A0889,21,19.541176693960864,19.541176693960864,RPG,simplified
A0890,28,29.57598943640098,29.57598943640098,Action,simplified
A0891,26,23.48555954803846,23.48555954803846,RPG,simplified
A0892,13,18.280213125200163,18.280213125200163,Strategy,simplified
A0893,31,28.598084832108192,28.598084832108192,Casual,simplified
A0894,26,31.04495987559536,31.04495987559536,RPG,simplified
A0895,29,36.808440961629415,36.808440961629415,RPG,simplified
A0896,56,20.47015373843493,20.47015373843493,Action,simplified
A0897,13,10.657944065597764,10.657944065597764,Strategy,simplified
A0898,38,13.699659097723805,13.699659097723805,Action,simplified
A0899,22,31.983085125114197,31.983085125114197,Strategy,simplified
A0900,27,6.337291463512353,6.337291463512353,Action,simplified
A0901,24,16.36162488919941,16.36162488919941,RPG,simplified
A0902,21,8.89357361451416,8.89357361451416,Action,simplified
A0903,20,12.46588680875015,12.46588680875015,Casual,simplified
A0904,27,33.87785276387757,33.87785276387757,Strategy,simplified
A0905,13,14.194850449237371,14.194850449237371,Strategy,simplified
A0906,31,12.643575727223505,12.643575727223505,RPG,simplified
A0907,21,4.104627875267284,4.104627875267284,Strategy,simplified
A0908,15,22.131520355755328,22.131520355755328,Casual,simplified
A0909,21,20.417397272926383,20.417397272926383,Action,simplified
A0910,35,68.7587346990415,68.7587346990415,RPG,simplified
A0911,20,9.523642698727656,9.523642698727656,Casual,simplified
A0912,27,14.516998340008143,14.516998340008143,Strategy,simplified
A0913,19,14.87239703638332,14.87239703638332,Strategy,simplified
A0914,31,43.0328003527187,43.0328003527187,Casual,simplified
A0915,30,11.288263685566454,11.288263685566454,Action,simplified
A0916,39,15.22923933698744,15.22923933698744,Action,simplified
A0917,23,19.812582343610305,19.812582343610305,RPG,simplified
A0918,30,14.143954635028628,14.143954635028628,Strategy,simplified
A0919,25,8.52372207203728,8.52372207203728,Casual,simplified
A0920,35,14.228855700957888,14.228855700957888,Action,simplified
A0921,19,28.7576954682615,28.7576954682615,RPG,simplified
A0922,30,5.359055572895415,5.359055572895415,Strategy,simplified
A0923,23,13.549853552280172,13.549853552280172,Strategy,simplified
A0924,24,6.958078426278966,6.958078426278966,RPG,simplified
A0925,25,31.69114496254324,31.69114496254324,RPG,simplified
A0926,27,3.601860351075168,3.601860351075168,Action,simplified
A0927,24,7.790168751145326,7.790168751145326,Casual,simplified
A0928,26,16.473771334766383,16.473771334766383,Strategy,simplified
A0929,37,42.6240745268312,42.6240745268312,Casual,simplified
A0930,32,11.558253738402724,11.558253738402724,Strategy,simplified
A0931,31,7.8134013299809,7.8134013299809,Strategy,simplified
A0932,21,54.86774513523746,54.86774513523746,Casual,simplified
A0933,17,3.825116329154949,3.825116329154949,RPG,simplified
A0934,32,2.0979385813822087,2.0979385813822087,Action,simplified
A0935,32,17.32259225162243,17.32259225162243,Strategy,simplified
A0936,36,8.152760817619665,8.152760817619665,RPG,simplified
A0937,20,5.381750786828108,5.381750786828108,Strategy,simplified
A0938,23,21.470612890268303,21.470612890268303,Action,simplified
A0939,13,14.806119440425316,14.806119440425316,Strategy,simplified
A0940,21,7.758097180364325,7.758097180364325,Action,simplified
A0941,32,4.374343629726685,4.374343629726685,Action,simplified
A0942,21,24.482678380421568,24.482678380421568,Strategy,simplified
A0943,30,20.494589866579545,20.494589866579545,Strategy,simplified
A0944,23,11.253276255635672,11.253276255635672,Action,simplified
A0945,27,53.373245341160846,53.373245341160846,RPG,simplified
A0946,15,5.175480509607846,5.175480509607846,Casual,simplified
A0947,25,3.595128962466543,3.595128962466543,Action,simplified
A0948,13,7.003944876435399,7.003944876435399,Strategy,simplified
A0949,23,11.746216478605032,11.746216478605032,Strategy,simplified
A0950,13,14.800656819157926,14.800656819157926,RPG,simplified
A0951,34,10.044358701947456,10.044358701947456,Casual,simplified
A0952,31,16.14554753468858,16.14554753468858,Action,simplified
A0953,28,4.476173091152809,4.476173091152809,Action,simplified
A0954,37,38.66797288044934,38.66797288044934,Casual,simplified
A0955,17,11.407591528061564,11.407591528061564,Action,simplified
A0956,38,29.779989220077905,29.779989220077905,Casual,simplified
A0957,32,16.025485152928052,16.025485152928052,Strategy,simplified
A0958,23,17.556119442600338,17.556119442600338,Casual,simplified
A0959,34,19.217355906660814,19.217355906660814,Action,simplified
A0960,16,17.429546625136414,17.429546625136414,Casual,simplified
A0961,18,20.37234222948833,20.37234222948833,RPG,simplified
A0962,20,35.28020437648024,35.28020437648024,Strategy,simplified
A0963,20,14.256556921984512,14.256556921984512,Strategy,simplified
A0964,16,21.481734288528724,21.481734288528724,Casual,simplified
A0965,34,11.3385842470916,11.3385842470916,Action,simplified
A0966,22,38.55530763445061,38.55530763445061,RPG,simplified
A0967,27,7.091423941234199,7.091423941234199,Strategy,simplified
A0968,20,51.457300452196776,51.457300452196776,Strategy,simplified
A0969,13,11.797334775590048,11.797334775590048,Action,simplified
A0970,27,3.87823408890413,3.87823408890413,Action,simplified
A0971,13,13.497217214387716,13.497217214387716,RPG,simplified
A0972,24,7.065039973060747,7.065039973060747,Casual,simplified
A0973,14,23.867431698495132,23.867431698495132,Action,simplified
A0974,40,7.227555085683297,7.227555085683297,Casual,simplified
A0975,32,8.525428223709334,8.525428223709334,RPG,simplified
A0976,25,2.6868443885407784,2.6868443885407784,Casual,simplified
A0977,35,8.483770153722723,8.483770153722723,Strategy,simplified
A0978,18,1.752242749727612,1.752242749727612,Casual,simplified
A0979,29,3.431089129394425,3.431089129394425,RPG,simplified
A0980,26,22.383671114132092,22.383671114132092,RPG,simplified
A0981,27,22.84289497376814,22.84289497376814,RPG,simplified
A0982,35,17.122031900159378,17.122031900159378,Casual,simplified
A0983,30,5.620491330817736,5.620491330817736,Strategy,simplified
A0984,27,11.726261686719509,11.726261686719509,Action,simplified
A0985,13,12.14743417809469,12.14743417809469,Strategy,simplified
A0986,17,4.822576113386176,4.822576113386176,Casual,simplified
A0987,24,40.55741568555933,40.55741568555933,Casual,simplified
A0988,25,24.578936405182635,24.578936405182635,Action,simplified
A0989,15,10.208581202224808,10.208581202224808,Casual,simplified
A0990,44,12.44736148077632,12.44736148077632,RPG,simplified
A0991,37,14.39248573402023,14.39248573402023,RPG,simplified
A0992,29,2.378837933623192,2.378837933623192,RPG,simplified
A0993,25,9.99673054447826,9.99673054447826,RPG,simplified
A0994,23,7.0597709073991055,7.0597709073991055,RPG,simplified
A0995,17,5.466857707711767,5.466857707711767,Casual,simplified
A0996,25,9.72908415327526,9.72908415327526,Action,simplified
A0997,27,51.32352486754121,51.32352486754121,Action,simplified
A0998,15,20.341726906622327,20.341726906622327,RPG,simplified
A0999,27,7.71415388339778,7.71415388339778,Casual,simplified
A1000,23,19.26068988080513,19.26068988080513,Strategy,simplified
